USE [master]
GO
/****** Object:  Database [HotelManagementDB]    Script Date: 19.12.2024 23:45:30 ******/
CREATE DATABASE [HotelManagementDB]
 CONTAINMENT = NONE
 ON  PRIMARY 
( NAME = N'HotelManagementDB', FILENAME = N'C:\Program Files\Microsoft SQL Server\MSSQL16.SQLEXPRESS\MSSQL\DATA\HotelManagementDB.mdf' , SIZE = 73728KB , MAXSIZE = UNLIMITED, FILEGROWTH = 65536KB )
 LOG ON 
( NAME = N'HotelManagementDB_log', FILENAME = N'C:\Program Files\Microsoft SQL Server\MSSQL16.SQLEXPRESS\MSSQL\DATA\HotelManagementDB_log.ldf' , SIZE = 8192KB , MAXSIZE = 2048GB , FILEGROWTH = 65536KB )
 WITH CATALOG_COLLATION = DATABASE_DEFAULT, LEDGER = OFF
GO
ALTER DATABASE [HotelManagementDB] SET COMPATIBILITY_LEVEL = 160
GO
IF (1 = FULLTEXTSERVICEPROPERTY('IsFullTextInstalled'))
begin
EXEC [HotelManagementDB].[dbo].[sp_fulltext_database] @action = 'enable'
end
GO
ALTER DATABASE [HotelManagementDB] SET ANSI_NULL_DEFAULT OFF 
GO
ALTER DATABASE [HotelManagementDB] SET ANSI_NULLS OFF 
GO
ALTER DATABASE [HotelManagementDB] SET ANSI_PADDING OFF 
GO
ALTER DATABASE [HotelManagementDB] SET ANSI_WARNINGS OFF 
GO
ALTER DATABASE [HotelManagementDB] SET ARITHABORT OFF 
GO
ALTER DATABASE [HotelManagementDB] SET AUTO_CLOSE OFF 
GO
ALTER DATABASE [HotelManagementDB] SET AUTO_SHRINK OFF 
GO
ALTER DATABASE [HotelManagementDB] SET AUTO_UPDATE_STATISTICS ON 
GO
ALTER DATABASE [HotelManagementDB] SET CURSOR_CLOSE_ON_COMMIT OFF 
GO
ALTER DATABASE [HotelManagementDB] SET CURSOR_DEFAULT  GLOBAL 
GO
ALTER DATABASE [HotelManagementDB] SET CONCAT_NULL_YIELDS_NULL OFF 
GO
ALTER DATABASE [HotelManagementDB] SET NUMERIC_ROUNDABORT OFF 
GO
ALTER DATABASE [HotelManagementDB] SET QUOTED_IDENTIFIER OFF 
GO
ALTER DATABASE [HotelManagementDB] SET RECURSIVE_TRIGGERS OFF 
GO
ALTER DATABASE [HotelManagementDB] SET  DISABLE_BROKER 
GO
ALTER DATABASE [HotelManagementDB] SET AUTO_UPDATE_STATISTICS_ASYNC OFF 
GO
ALTER DATABASE [HotelManagementDB] SET DATE_CORRELATION_OPTIMIZATION OFF 
GO
ALTER DATABASE [HotelManagementDB] SET TRUSTWORTHY OFF 
GO
ALTER DATABASE [HotelManagementDB] SET ALLOW_SNAPSHOT_ISOLATION OFF 
GO
ALTER DATABASE [HotelManagementDB] SET PARAMETERIZATION SIMPLE 
GO
ALTER DATABASE [HotelManagementDB] SET READ_COMMITTED_SNAPSHOT OFF 
GO
ALTER DATABASE [HotelManagementDB] SET HONOR_BROKER_PRIORITY OFF 
GO
ALTER DATABASE [HotelManagementDB] SET RECOVERY SIMPLE 
GO
ALTER DATABASE [HotelManagementDB] SET  MULTI_USER 
GO
ALTER DATABASE [HotelManagementDB] SET PAGE_VERIFY CHECKSUM  
GO
ALTER DATABASE [HotelManagementDB] SET DB_CHAINING OFF 
GO
ALTER DATABASE [HotelManagementDB] SET FILESTREAM( NON_TRANSACTED_ACCESS = OFF ) 
GO
ALTER DATABASE [HotelManagementDB] SET TARGET_RECOVERY_TIME = 60 SECONDS 
GO
ALTER DATABASE [HotelManagementDB] SET DELAYED_DURABILITY = DISABLED 
GO
ALTER DATABASE [HotelManagementDB] SET ACCELERATED_DATABASE_RECOVERY = OFF  
GO
ALTER DATABASE [HotelManagementDB] SET QUERY_STORE = ON
GO
ALTER DATABASE [HotelManagementDB] SET QUERY_STORE (OPERATION_MODE = READ_WRITE, CLEANUP_POLICY = (STALE_QUERY_THRESHOLD_DAYS = 30), DATA_FLUSH_INTERVAL_SECONDS = 900, INTERVAL_LENGTH_MINUTES = 60, MAX_STORAGE_SIZE_MB = 1000, QUERY_CAPTURE_MODE = AUTO, SIZE_BASED_CLEANUP_MODE = AUTO, MAX_PLANS_PER_QUERY = 200, WAIT_STATS_CAPTURE_MODE = ON)
GO
USE [HotelManagementDB]
GO
/****** Object:  User [EZGINUR]    Script Date: 19.12.2024 23:45:31 ******/
CREATE USER [EZGINUR] FOR LOGIN [EZGiNUR] WITH DEFAULT_SCHEMA=[dbo]
GO
ALTER ROLE [db_owner] ADD MEMBER [EZGINUR]
GO
/****** Object:  Schema [OTEL]    Script Date: 19.12.2024 23:45:31 ******/
CREATE SCHEMA [OTEL]
GO
/****** Object:  Table [dbo].[CALISANLAR]    Script Date: 19.12.2024 23:45:31 ******/
SET ANSI_NULLS ON
GO
SET QUOTED_IDENTIFIER ON
GO
CREATE TABLE [dbo].[CALISANLAR](
	[CALISAN_ID] [int] NOT NULL,
	[OTEL_ID] [int] NOT NULL,
	[SGK_NO] [nchar](11) NOT NULL,
	[CALISAN_AKTIF_MI] [bit] NOT NULL,
	[CALISMA_DURUMU] [nvarchar](50) NOT NULL,
	[CALISAN_AD] [nvarchar](50) NOT NULL,
	[CALISAN_SOYAD] [nvarchar](50) NOT NULL,
	[TEL_NO] [nchar](15) NOT NULL,
	[E_MAIL] [nvarchar](50) NULL,
	[DOGUM_TARIHI] [date] NOT NULL,
	[CINSIYET] [nvarchar](10) NOT NULL,
	[ADRES_DETAY] [nvarchar](100) NOT NULL,
	[DEPARTMAN] [nvarchar](50) NOT NULL,
	[POZISYON] [nvarchar](50) NOT NULL,
	[ISE_BASLAMA_TARIHI] [date] NOT NULL,
	[MAASI] [decimal](10, 2) NOT NULL,
	[ISCI_IS_VEREN_SOZLESME] [varbinary](150) NULL,
	[EK_ACIKLAMA] [text] NULL,
 CONSTRAINT [PK_CALISANLAR] PRIMARY KEY CLUSTERED 
(
	[CALISAN_ID] ASC
)WITH (PAD_INDEX = OFF, STATISTICS_NORECOMPUTE = OFF, IGNORE_DUP_KEY = OFF, ALLOW_ROW_LOCKS = ON, ALLOW_PAGE_LOCKS = ON, OPTIMIZE_FOR_SEQUENTIAL_KEY = OFF) ON [PRIMARY]
) ON [PRIMARY] TEXTIMAGE_ON [PRIMARY]
GO
/****** Object:  Table [dbo].[ETKINLIKLER]    Script Date: 19.12.2024 23:45:31 ******/
SET ANSI_NULLS ON
GO
SET QUOTED_IDENTIFIER ON
GO
CREATE TABLE [dbo].[ETKINLIKLER](
	[ETKINLIK_ID] [int] NOT NULL,
	[SORUMLU_CALISAN_ID] [int] NOT NULL,
	[OTEL_ID] [int] NOT NULL,
	[ETKINLIK_ADI] [nvarchar](50) NOT NULL,
	[ETKINLIK_YERI] [nvarchar](100) NOT NULL,
	[ETKINLIK_TARIHI] [date] NOT NULL,
	[ETKINLIGI_DUZENLEYEN] [nvarchar](100) NOT NULL,
	[BUTCE] [decimal](10, 2) NOT NULL,
	[GELIR] [decimal](10, 2) NOT NULL,
	[ETKINLIK_DURUMU] [nvarchar](50) NOT NULL,
	[ETKINLIK_BASLANGIC_SAATI] [time](7) NOT NULL,
	[ETKINLIK_BITIS_SAATI] [time](7) NOT NULL,
	[EK_ACIKLAMA] [text] NULL,
	[ETKINLIGE_AIT_GORSEL] [image] NULL,
	[OLUSTURULMA_TARIHI] [datetime] NOT NULL,
	[GUNCELLENME_TARIHI] [datetime] NULL,
 CONSTRAINT [PK_ETKINLIKLER] PRIMARY KEY CLUSTERED 
(
	[ETKINLIK_ID] ASC
)WITH (PAD_INDEX = OFF, STATISTICS_NORECOMPUTE = OFF, IGNORE_DUP_KEY = OFF, ALLOW_ROW_LOCKS = ON, ALLOW_PAGE_LOCKS = ON, OPTIMIZE_FOR_SEQUENTIAL_KEY = OFF) ON [PRIMARY]
) ON [PRIMARY] TEXTIMAGE_ON [PRIMARY]
GO
/****** Object:  Table [dbo].[GELIRLER]    Script Date: 19.12.2024 23:45:31 ******/
SET ANSI_NULLS ON
GO
SET QUOTED_IDENTIFIER ON
GO
CREATE TABLE [dbo].[GELIRLER](
	[GELIR_ID] [int] NOT NULL,
	[OTEL_ID] [int] NOT NULL,
	[GELIR_KAYIT_TARIHI] [datetime] NOT NULL,
	[GELIR_TUTARI] [decimal](10, 2) NOT NULL,
	[GELIR_KAYNAGI] [nvarchar](50) NOT NULL,
	[EK_ACIKLAMA] [text] NULL,
 CONSTRAINT [PK_GELIRLER] PRIMARY KEY CLUSTERED 
(
	[GELIR_ID] ASC
)WITH (PAD_INDEX = OFF, STATISTICS_NORECOMPUTE = OFF, IGNORE_DUP_KEY = OFF, ALLOW_ROW_LOCKS = ON, ALLOW_PAGE_LOCKS = ON, OPTIMIZE_FOR_SEQUENTIAL_KEY = OFF) ON [PRIMARY]
) ON [PRIMARY] TEXTIMAGE_ON [PRIMARY]
GO
/****** Object:  Table [dbo].[GIDERLER]    Script Date: 19.12.2024 23:45:31 ******/
SET ANSI_NULLS ON
GO
SET QUOTED_IDENTIFIER ON
GO
CREATE TABLE [dbo].[GIDERLER](
	[GIDER_ID] [int] NOT NULL,
	[OTEL_ID] [int] NOT NULL,
	[GIDER_KAYIT_TARIHI] [date] NOT NULL,
	[GIDER_TUTARI] [decimal](10, 2) NOT NULL,
	[GIDER_TIPI] [nvarchar](50) NOT NULL,
	[EK_ACIKLAMA] [text] NULL,
 CONSTRAINT [PK_GIDERLER] PRIMARY KEY CLUSTERED 
(
	[GIDER_ID] ASC
)WITH (PAD_INDEX = OFF, STATISTICS_NORECOMPUTE = OFF, IGNORE_DUP_KEY = OFF, ALLOW_ROW_LOCKS = ON, ALLOW_PAGE_LOCKS = ON, OPTIMIZE_FOR_SEQUENTIAL_KEY = OFF) ON [PRIMARY]
) ON [PRIMARY] TEXTIMAGE_ON [PRIMARY]
GO
/****** Object:  Table [dbo].[HIZMETLER]    Script Date: 19.12.2024 23:45:31 ******/
SET ANSI_NULLS ON
GO
SET QUOTED_IDENTIFIER ON
GO
CREATE TABLE [dbo].[HIZMETLER](
	[HIZMET_ID] [int] NOT NULL,
	[OTEL_ID] [int] NOT NULL,
	[CALISAN_ID] [int] NOT NULL,
	[HIZMET_ADI] [nvarchar](50) NOT NULL,
	[AKTIF_MI] [bit] NOT NULL,
	[HIZMET_ACIKLAMA] [text] NOT NULL,
	[UCRET] [decimal](5, 2) NOT NULL,
	[HIZMET_TURU] [nvarchar](50) NOT NULL,
	[HIZMETTE_EK_MASRAFLAR] [text] NOT NULL,
	[MAX_KAPASITE] [smallint] NOT NULL,
	[HIZMET_BASLANGIC] [datetime] NOT NULL,
	[HIZMET_BITIS] [datetime] NOT NULL,
	[OLUSTURULMA_TARIHI] [datetime] NOT NULL,
	[GUNCELLENME_TARIHI] [datetime] NULL,
 CONSTRAINT [PK_HIZMETLER] PRIMARY KEY CLUSTERED 
(
	[HIZMET_ID] ASC
)WITH (PAD_INDEX = OFF, STATISTICS_NORECOMPUTE = OFF, IGNORE_DUP_KEY = OFF, ALLOW_ROW_LOCKS = ON, ALLOW_PAGE_LOCKS = ON, OPTIMIZE_FOR_SEQUENTIAL_KEY = OFF) ON [PRIMARY]
) ON [PRIMARY] TEXTIMAGE_ON [PRIMARY]
GO
/****** Object:  Table [dbo].[MUSTERILER]    Script Date: 19.12.2024 23:45:31 ******/
SET ANSI_NULLS ON
GO
SET QUOTED_IDENTIFIER ON
GO
CREATE TABLE [dbo].[MUSTERILER](
	[MUSTERI_ID] [int] NOT NULL,
	[MUSTERI_ADI] [nvarchar](50) NOT NULL,
	[MUSTERI_SOYADI] [nvarchar](50) NOT NULL,
	[TC_NO] [nchar](11) NOT NULL,
	[MUSTERI_E_POSTA] [nvarchar](50) NULL,
	[MUSTERI_TEL_NO] [nchar](11) NOT NULL,
	[DOGUM_TARIHI] [date] NOT NULL,
	[CINSIYET] [nvarchar](10) NULL,
	[CHECK_IN_TARIHI] [datetime] NOT NULL,
	[CIKIS_TARIHI] [datetime] NOT NULL,
	[ADRES_DETAY] [nvarchar](150) NOT NULL,
	[TOPLAM_HARCAMALAR] [decimal](10, 2) NOT NULL,
	[OZEL_ISTEKLER] [text] NULL,
	[MUSTERI_FOTO] [image] NULL,
	[VIP_MI] [bit] NOT NULL,
 CONSTRAINT [PK_MUSTERILER] PRIMARY KEY CLUSTERED 
(
	[MUSTERI_ID] ASC
)WITH (PAD_INDEX = OFF, STATISTICS_NORECOMPUTE = OFF, IGNORE_DUP_KEY = OFF, ALLOW_ROW_LOCKS = ON, ALLOW_PAGE_LOCKS = ON, OPTIMIZE_FOR_SEQUENTIAL_KEY = OFF) ON [PRIMARY]
) ON [PRIMARY] TEXTIMAGE_ON [PRIMARY]
GO
/****** Object:  Table [dbo].[ODALAR]    Script Date: 19.12.2024 23:45:31 ******/
SET ANSI_NULLS ON
GO
SET QUOTED_IDENTIFIER ON
GO
CREATE TABLE [dbo].[ODALAR](
	[ODA_ID] [int] NOT NULL,
	[OTEL_ID] [int] NOT NULL,
	[ODA_TIPI] [nvarchar](50) NOT NULL,
	[KAT_NO] [smallint] NOT NULL,
	[ODA_NO] [nchar](3) NOT NULL,
	[KAC_KISILIK] [smallint] NOT NULL,
	[YATAK_DURUMU] [nvarchar](50) NOT NULL,
	[YATAK_SAYISI] [smallint] NOT NULL,
	[ODA_FIYAT_BILGISI] [decimal](10, 2) NOT NULL,
	[DOLULUK_DURUMU] [nvarchar](10) NOT NULL,
	[ODA_MANZARA_CESIT] [nvarchar](50) NOT NULL,
	[ODA_ILE_ILGILI_ACIKLAMA] [text] NULL,
	[INTERNET] [bit] NOT NULL,
	[KLIMA] [bit] NOT NULL,
	[MINI_BAR] [bit] NOT NULL,
	[TV] [bit] NOT NULL,
	[KASA] [bit] NOT NULL,
	[BALKON] [bit] NOT NULL,
	[TEMIZLIK_DURUMU] [nvarchar](50) NOT NULL,
	[ODA_CHECK_IN] [datetime] NULL,
	[ODA_CIKIS] [datetime] NULL,
 CONSTRAINT [PK_ODALAR] PRIMARY KEY CLUSTERED 
(
	[ODA_ID] ASC
)WITH (PAD_INDEX = OFF, STATISTICS_NORECOMPUTE = OFF, IGNORE_DUP_KEY = OFF, ALLOW_ROW_LOCKS = ON, ALLOW_PAGE_LOCKS = ON, OPTIMIZE_FOR_SEQUENTIAL_KEY = OFF) ON [PRIMARY]
) ON [PRIMARY] TEXTIMAGE_ON [PRIMARY]
GO
/****** Object:  Table [dbo].[OTEL_BILGI]    Script Date: 19.12.2024 23:45:31 ******/
SET ANSI_NULLS ON
GO
SET QUOTED_IDENTIFIER ON
GO
CREATE TABLE [dbo].[OTEL_BILGI](
	[OTEL_ID] [int] NOT NULL,
	[OTEL_ADI] [nvarchar](100) NOT NULL,
	[ADRES_BILGISI] [nvarchar](100) NOT NULL,
	[ULKE_ADI] [nvarchar](100) NOT NULL,
	[TEL_NO] [nchar](11) NOT NULL,
	[E_MAIL] [nvarchar](50) NOT NULL,
	[YILDIZ_SAYISI] [tinyint] NOT NULL,
	[TOPLAM_ODA_SAYISI] [smallint] NOT NULL,
	[TOPLAM_KAPASITE] [smallint] NOT NULL,
	[WEB_SITESI] [xml] NULL,
	[OTEL_LOGO] [image] NULL,
	[ACILIS_TARIHI] [date] NOT NULL,
	[KAYIT_OLUSTURULMA_TARIHI] [datetime] NOT NULL,
	[KAYIT_GUNCELLENME_TARIHI] [datetime] NULL,
	[NOTLAR] [text] NULL,
	[DOSYA_EKLERI] [varbinary](50) NULL,
 CONSTRAINT [PK_OTEL_BILGI] PRIMARY KEY CLUSTERED 
(
	[OTEL_ID] ASC
)WITH (PAD_INDEX = OFF, STATISTICS_NORECOMPUTE = OFF, IGNORE_DUP_KEY = OFF, ALLOW_ROW_LOCKS = ON, ALLOW_PAGE_LOCKS = ON, OPTIMIZE_FOR_SEQUENTIAL_KEY = OFF) ON [PRIMARY]
) ON [PRIMARY] TEXTIMAGE_ON [PRIMARY]
GO
/****** Object:  Table [dbo].[RAPORLAR]    Script Date: 19.12.2024 23:45:31 ******/
SET ANSI_NULLS ON
GO
SET QUOTED_IDENTIFIER ON
GO
CREATE TABLE [dbo].[RAPORLAR](
	[RAPOR_ID] [int] NOT NULL,
	[GELIR_ID] [int] NOT NULL,
	[GIDER_ID] [int] NOT NULL,
	[RAPOR_TARIHI] [datetime] NOT NULL,
	[TOPLAM_GELIR] [decimal](15, 2) NOT NULL,
	[TOPLAM_GIDER] [decimal](15, 2) NOT NULL,
	[NET_KAR] [decimal](15, 2) NOT NULL,
	[EK_ACIKLAMA] [text] NULL,
 CONSTRAINT [PK_RAPORLAR] PRIMARY KEY CLUSTERED 
(
	[RAPOR_ID] ASC
)WITH (PAD_INDEX = OFF, STATISTICS_NORECOMPUTE = OFF, IGNORE_DUP_KEY = OFF, ALLOW_ROW_LOCKS = ON, ALLOW_PAGE_LOCKS = ON, OPTIMIZE_FOR_SEQUENTIAL_KEY = OFF) ON [PRIMARY]
) ON [PRIMARY] TEXTIMAGE_ON [PRIMARY]
GO
/****** Object:  Table [dbo].[REZERVASYONLAR]    Script Date: 19.12.2024 23:45:31 ******/
SET ANSI_NULLS ON
GO
SET QUOTED_IDENTIFIER ON
GO
CREATE TABLE [dbo].[REZERVASYONLAR](
	[REZERVASYON_ID] [int] NOT NULL,
	[ODA_ID] [int] NOT NULL,
	[MUSTERI_ID] [int] NOT NULL,
	[REZERVASYON_DURUMU] [nvarchar](50) NOT NULL,
	[CHECK_IN] [datetime] NOT NULL,
	[CIKIS_TARIHI] [datetime] NOT NULL,
	[KISI_SAYISI] [smallint] NOT NULL,
	[TOPLAM_FIYAT] [decimal](6, 2) NOT NULL,
	[EK_NOTLAR] [text] NULL,
	[OLUSTURULMA_TARIHI] [datetime] NOT NULL,
	[GUNCELLENME_TARIHI] [datetime] NULL,
 CONSTRAINT [PK_REZERVASYONLAR] PRIMARY KEY CLUSTERED 
(
	[REZERVASYON_ID] ASC
)WITH (PAD_INDEX = OFF, STATISTICS_NORECOMPUTE = OFF, IGNORE_DUP_KEY = OFF, ALLOW_ROW_LOCKS = ON, ALLOW_PAGE_LOCKS = ON, OPTIMIZE_FOR_SEQUENTIAL_KEY = OFF) ON [PRIMARY]
) ON [PRIMARY] TEXTIMAGE_ON [PRIMARY]
GO
/****** Object:  Table [dbo].[SIKAYETLER]    Script Date: 19.12.2024 23:45:31 ******/
SET ANSI_NULLS ON
GO
SET QUOTED_IDENTIFIER ON
GO
CREATE TABLE [dbo].[SIKAYETLER](
	[SIKAYET_ID] [int] NOT NULL,
	[MUSTERI_ID] [int] NOT NULL,
	[SIKAYET_TARIHI] [date] NOT NULL,
	[SIKAYET_TURU] [nvarchar](50) NOT NULL,
	[SIKAYET_DETAYI] [text] NOT NULL,
	[SIKAYET_YANITLANDI_MI] [bit] NOT NULL,
	[YANITLAYAN_CALISAN_ID] [int] NOT NULL,
	[SIKAYET_ONEM_DERECESI] [nvarchar](50) NOT NULL,
	[ILGILI_BIRIM] [nvarchar](50) NOT NULL,
	[ILETISIM_KURULDU_MU] [bit] NOT NULL,
	[EK_NOTLAR] [text] NULL,
	[OLUSTURULMA_TARIHI] [datetime] NOT NULL,
	[GUNCELLENME_TARIHI] [datetime] NULL,
 CONSTRAINT [PK_SIKAYETLER] PRIMARY KEY CLUSTERED 
(
	[SIKAYET_ID] ASC
)WITH (PAD_INDEX = OFF, STATISTICS_NORECOMPUTE = OFF, IGNORE_DUP_KEY = OFF, ALLOW_ROW_LOCKS = ON, ALLOW_PAGE_LOCKS = ON, OPTIMIZE_FOR_SEQUENTIAL_KEY = OFF) ON [PRIMARY]
) ON [PRIMARY] TEXTIMAGE_ON [PRIMARY]
GO
INSERT [dbo].[CALISANLAR] ([CALISAN_ID], [OTEL_ID], [SGK_NO], [CALISAN_AKTIF_MI], [CALISMA_DURUMU], [CALISAN_AD], [CALISAN_SOYAD], [TEL_NO], [E_MAIL], [DOGUM_TARIHI], [CINSIYET], [ADRES_DETAY], [DEPARTMAN], [POZISYON], [ISE_BASLAMA_TARIHI], [MAASI], [ISCI_IS_VEREN_SOZLESME], [EK_ACIKLAMA]) VALUES (1, 1, N'12345678901', 1, N'Tam Zamanlı', N'Ali', N'Yılmaz', N'05550000000    ', N'ali.yilmaz@gmail.com', CAST(N'1990-01-01' AS Date), N'Erkek', N'paşa mahallesi no:1 antalya kepez', N'Resepsiyon', N'Resepsiyonist', CAST(N'2022-01-01' AS Date), CAST(25000.00 AS Decimal(10, 2)), NULL, N'')
INSERT [dbo].[CALISANLAR] ([CALISAN_ID], [OTEL_ID], [SGK_NO], [CALISAN_AKTIF_MI], [CALISMA_DURUMU], [CALISAN_AD], [CALISAN_SOYAD], [TEL_NO], [E_MAIL], [DOGUM_TARIHI], [CINSIYET], [ADRES_DETAY], [DEPARTMAN], [POZISYON], [ISE_BASLAMA_TARIHI], [MAASI], [ISCI_IS_VEREN_SOZLESME], [EK_ACIKLAMA]) VALUES (2, 2, N'12345678902', 1, N'Tam Zamanlı', N'Ayşe', N'Kaya', N'05550000001    ', N'ayse.kaya@gmail.com', CAST(N'1992-02-02' AS Date), N'Kadın', N'şam mahallesi no:2 antalya kepez', N'Mutfak', N'Aşçı', CAST(N'2022-02-01' AS Date), CAST(30000.00 AS Decimal(10, 2)), NULL, N'')
INSERT [dbo].[CALISANLAR] ([CALISAN_ID], [OTEL_ID], [SGK_NO], [CALISAN_AKTIF_MI], [CALISMA_DURUMU], [CALISAN_AD], [CALISAN_SOYAD], [TEL_NO], [E_MAIL], [DOGUM_TARIHI], [CINSIYET], [ADRES_DETAY], [DEPARTMAN], [POZISYON], [ISE_BASLAMA_TARIHI], [MAASI], [ISCI_IS_VEREN_SOZLESME], [EK_ACIKLAMA]) VALUES (3, 3, N'12345678903', 1, N'Tam Zamanlı', N'Mehmet', N'Çelik', N'05550000002    ', N'mehmet.celik@gmail.com', CAST(N'1988-03-03' AS Date), N'Erkek', N'muratbey mahallesi no:1', N'Temizlik', N'Temizlik Görevlisi', CAST(N'2022-03-01' AS Date), CAST(20000.00 AS Decimal(10, 2)), NULL, N'')
INSERT [dbo].[CALISANLAR] ([CALISAN_ID], [OTEL_ID], [SGK_NO], [CALISAN_AKTIF_MI], [CALISMA_DURUMU], [CALISAN_AD], [CALISAN_SOYAD], [TEL_NO], [E_MAIL], [DOGUM_TARIHI], [CINSIYET], [ADRES_DETAY], [DEPARTMAN], [POZISYON], [ISE_BASLAMA_TARIHI], [MAASI], [ISCI_IS_VEREN_SOZLESME], [EK_ACIKLAMA]) VALUES (4, 4, N'12345678904', 1, N'Tam Zamanlı', N'Fatma', N'Demir', N'05550000003    ', N'fatma.demir@gmail.com', CAST(N'1991-04-04' AS Date), N'Kadın', N'murat mahallesi no:4 antalya kepez', N'Mutfak', N'Yardımcı Aşçı', CAST(N'2022-04-01' AS Date), CAST(15000.00 AS Decimal(10, 2)), NULL, N'')
INSERT [dbo].[CALISANLAR] ([CALISAN_ID], [OTEL_ID], [SGK_NO], [CALISAN_AKTIF_MI], [CALISMA_DURUMU], [CALISAN_AD], [CALISAN_SOYAD], [TEL_NO], [E_MAIL], [DOGUM_TARIHI], [CINSIYET], [ADRES_DETAY], [DEPARTMAN], [POZISYON], [ISE_BASLAMA_TARIHI], [MAASI], [ISCI_IS_VEREN_SOZLESME], [EK_ACIKLAMA]) VALUES (5, 5, N'12345678905', 1, N'Tam Zamanlı', N'Ahmet', N'Kurt', N'05550000004    ', N'ahmet.kurt@gmail.com', CAST(N'1985-05-05' AS Date), N'Erkek', N'muratpaşa mahallesi no:10 antalya kepez', N'Güvenlik', N'Güvenlik Görevlisi', CAST(N'2022-05-01' AS Date), CAST(25000.00 AS Decimal(10, 2)), NULL, N'')
INSERT [dbo].[CALISANLAR] ([CALISAN_ID], [OTEL_ID], [SGK_NO], [CALISAN_AKTIF_MI], [CALISMA_DURUMU], [CALISAN_AD], [CALISAN_SOYAD], [TEL_NO], [E_MAIL], [DOGUM_TARIHI], [CINSIYET], [ADRES_DETAY], [DEPARTMAN], [POZISYON], [ISE_BASLAMA_TARIHI], [MAASI], [ISCI_IS_VEREN_SOZLESME], [EK_ACIKLAMA]) VALUES (6, 6, N'12345678906', 1, N'Tam Zamanlı', N'Elif', N'Arslan', N'05550000005    ', N'elif.arslan@gmail.com', CAST(N'1994-06-06' AS Date), N'Kadın', N'ülkü mahallesi no:2 antalya kepez', N'Resepsiyon', N'Resepsiyonist', CAST(N'2022-06-01' AS Date), CAST(25000.00 AS Decimal(10, 2)), NULL, N'')
INSERT [dbo].[CALISANLAR] ([CALISAN_ID], [OTEL_ID], [SGK_NO], [CALISAN_AKTIF_MI], [CALISMA_DURUMU], [CALISAN_AD], [CALISAN_SOYAD], [TEL_NO], [E_MAIL], [DOGUM_TARIHI], [CINSIYET], [ADRES_DETAY], [DEPARTMAN], [POZISYON], [ISE_BASLAMA_TARIHI], [MAASI], [ISCI_IS_VEREN_SOZLESME], [EK_ACIKLAMA]) VALUES (7, 7, N'12345678907', 1, N'Tam Zamanlı', N'Osman', N'Güneş', N'05550000006    ', N'osman.gunes@gmail.com', CAST(N'1989-07-07' AS Date), N'Erkek', N'sezin mahallesi no:4 antalya kepez', N'Teknik', N'Teknik Destek', CAST(N'2022-07-01' AS Date), CAST(40000.00 AS Decimal(10, 2)), NULL, N'')
INSERT [dbo].[CALISANLAR] ([CALISAN_ID], [OTEL_ID], [SGK_NO], [CALISAN_AKTIF_MI], [CALISMA_DURUMU], [CALISAN_AD], [CALISAN_SOYAD], [TEL_NO], [E_MAIL], [DOGUM_TARIHI], [CINSIYET], [ADRES_DETAY], [DEPARTMAN], [POZISYON], [ISE_BASLAMA_TARIHI], [MAASI], [ISCI_IS_VEREN_SOZLESME], [EK_ACIKLAMA]) VALUES (8, 8, N'12345678908', 1, N'Tam Zamanlı', N'Zeynep', N'Şimşek', N'05550000007    ', N'zeynep.simsek@gmail.com', CAST(N'1993-08-08' AS Date), N'Kadın', N'hacı mahallesi no:5 antalya kepez', N'Kat Hizmetleri', N'Kat Görevlisi', CAST(N'2022-08-01' AS Date), CAST(25000.00 AS Decimal(10, 2)), NULL, N'')
INSERT [dbo].[CALISANLAR] ([CALISAN_ID], [OTEL_ID], [SGK_NO], [CALISAN_AKTIF_MI], [CALISMA_DURUMU], [CALISAN_AD], [CALISAN_SOYAD], [TEL_NO], [E_MAIL], [DOGUM_TARIHI], [CINSIYET], [ADRES_DETAY], [DEPARTMAN], [POZISYON], [ISE_BASLAMA_TARIHI], [MAASI], [ISCI_IS_VEREN_SOZLESME], [EK_ACIKLAMA]) VALUES (9, 9, N'12345678909', 1, N'Tam Zamanlı', N'Kemal', N'Aksoy', N'05550000008    ', N'kemal.aksoy@gmail.com', CAST(N'1987-09-09' AS Date), N'Erkek', N'sarı mahallesi no:9 antalya kepez', N'Güvenlik', N'Güvenlik Şefi', CAST(N'2022-09-01' AS Date), CAST(30000.00 AS Decimal(10, 2)), NULL, N'')
INSERT [dbo].[CALISANLAR] ([CALISAN_ID], [OTEL_ID], [SGK_NO], [CALISAN_AKTIF_MI], [CALISMA_DURUMU], [CALISAN_AD], [CALISAN_SOYAD], [TEL_NO], [E_MAIL], [DOGUM_TARIHI], [CINSIYET], [ADRES_DETAY], [DEPARTMAN], [POZISYON], [ISE_BASLAMA_TARIHI], [MAASI], [ISCI_IS_VEREN_SOZLESME], [EK_ACIKLAMA]) VALUES (10, 10, N'12345678910', 1, N'Tam Zamanlı', N'Hülya', N'Acar', N'05550000009    ', N'hulya.acar@gmail.com', CAST(N'1995-10-10' AS Date), N'Kadın', N'kırmızı mahallesi no:16 antalya kepez', N'Satış', N'Satış Temsilcisi', CAST(N'2022-10-01' AS Date), CAST(25000.00 AS Decimal(10, 2)), NULL, N'')
INSERT [dbo].[CALISANLAR] ([CALISAN_ID], [OTEL_ID], [SGK_NO], [CALISAN_AKTIF_MI], [CALISMA_DURUMU], [CALISAN_AD], [CALISAN_SOYAD], [TEL_NO], [E_MAIL], [DOGUM_TARIHI], [CINSIYET], [ADRES_DETAY], [DEPARTMAN], [POZISYON], [ISE_BASLAMA_TARIHI], [MAASI], [ISCI_IS_VEREN_SOZLESME], [EK_ACIKLAMA]) VALUES (11, 11, N'12345678911', 1, N'Tam Zamanlı', N'Burak', N'Ekinci', N'05550000010    ', N'burak.ekinci@gmail.com', CAST(N'1986-11-11' AS Date), N'Erkek', N'cumhuriyet mahallesi no:1 antalya kepez', N'Teknik', N'Teknik Şef', CAST(N'2022-11-01' AS Date), CAST(25000.00 AS Decimal(10, 2)), NULL, N'')
INSERT [dbo].[CALISANLAR] ([CALISAN_ID], [OTEL_ID], [SGK_NO], [CALISAN_AKTIF_MI], [CALISMA_DURUMU], [CALISAN_AD], [CALISAN_SOYAD], [TEL_NO], [E_MAIL], [DOGUM_TARIHI], [CINSIYET], [ADRES_DETAY], [DEPARTMAN], [POZISYON], [ISE_BASLAMA_TARIHI], [MAASI], [ISCI_IS_VEREN_SOZLESME], [EK_ACIKLAMA]) VALUES (12, 12, N'12345678912', 1, N'Tam Zamanlı', N'Aysel', N'Yıldırım', N'05550000011    ', N'aysel.yildirim@gmail.com', CAST(N'1992-12-12' AS Date), N'Kadın', N'istiklal mahallesi no:8 antalya kepez', N'Kat Hizmetleri', N'Kat Şefi', CAST(N'2022-12-01' AS Date), CAST(20000.00 AS Decimal(10, 2)), NULL, N'')
INSERT [dbo].[CALISANLAR] ([CALISAN_ID], [OTEL_ID], [SGK_NO], [CALISAN_AKTIF_MI], [CALISMA_DURUMU], [CALISAN_AD], [CALISAN_SOYAD], [TEL_NO], [E_MAIL], [DOGUM_TARIHI], [CINSIYET], [ADRES_DETAY], [DEPARTMAN], [POZISYON], [ISE_BASLAMA_TARIHI], [MAASI], [ISCI_IS_VEREN_SOZLESME], [EK_ACIKLAMA]) VALUES (13, 13, N'12345678913', 1, N'Tam Zamanlı', N'Tuncay', N'Gündüz', N'05550000012    ', N'tuncay.gunduz@gmail.com', CAST(N'1984-01-13' AS Date), N'Erkek', N'demirkuyu mahallesi no:7 antalya kepez', N'Mutfak', N'Şef Aşçı', CAST(N'2023-01-01' AS Date), CAST(20000.00 AS Decimal(10, 2)), NULL, N'')
INSERT [dbo].[CALISANLAR] ([CALISAN_ID], [OTEL_ID], [SGK_NO], [CALISAN_AKTIF_MI], [CALISMA_DURUMU], [CALISAN_AD], [CALISAN_SOYAD], [TEL_NO], [E_MAIL], [DOGUM_TARIHI], [CINSIYET], [ADRES_DETAY], [DEPARTMAN], [POZISYON], [ISE_BASLAMA_TARIHI], [MAASI], [ISCI_IS_VEREN_SOZLESME], [EK_ACIKLAMA]) VALUES (14, 14, N'12345678914', 1, N'Tam Zamanlı', N'Gül', N'Öztürk', N'05550000013    ', N'gul.ozturk@gmail.com', CAST(N'1990-02-14' AS Date), N'Kadın', N'kayadibi mahallesi no:8 antalya kepez', N'Satış', N'Pazarlama Uzmanı', CAST(N'2023-02-01' AS Date), CAST(25000.00 AS Decimal(10, 2)), NULL, N'')
INSERT [dbo].[CALISANLAR] ([CALISAN_ID], [OTEL_ID], [SGK_NO], [CALISAN_AKTIF_MI], [CALISMA_DURUMU], [CALISAN_AD], [CALISAN_SOYAD], [TEL_NO], [E_MAIL], [DOGUM_TARIHI], [CINSIYET], [ADRES_DETAY], [DEPARTMAN], [POZISYON], [ISE_BASLAMA_TARIHI], [MAASI], [ISCI_IS_VEREN_SOZLESME], [EK_ACIKLAMA]) VALUES (15, 15, N'12345678915', 1, N'Tam Zamanlı', N'Efe', N'Kılıç', N'05550000014    ', N'efe.kilic@gmail.com', CAST(N'1985-03-15' AS Date), N'Erkek', N'beşyol mahallesi no:13 antalya kepez', N'Güvenlik', N'Nöbetçi Güvenlik', CAST(N'2023-03-01' AS Date), CAST(30000.00 AS Decimal(10, 2)), NULL, N'')
INSERT [dbo].[CALISANLAR] ([CALISAN_ID], [OTEL_ID], [SGK_NO], [CALISAN_AKTIF_MI], [CALISMA_DURUMU], [CALISAN_AD], [CALISAN_SOYAD], [TEL_NO], [E_MAIL], [DOGUM_TARIHI], [CINSIYET], [ADRES_DETAY], [DEPARTMAN], [POZISYON], [ISE_BASLAMA_TARIHI], [MAASI], [ISCI_IS_VEREN_SOZLESME], [EK_ACIKLAMA]) VALUES (16, 16, N'12345678916', 1, N'Tam Zamanlı', N'Aslı', N'Çoban', N'05550000015    ', N'asli.coban@gmail.com', CAST(N'1994-04-16' AS Date), N'Kadın', N'kızılay mahallesi no:9 antalya kepez', N'Kat Hizmetleri', N'Kat Görevlisi', CAST(N'2023-04-01' AS Date), CAST(20000.00 AS Decimal(10, 2)), NULL, N'')
INSERT [dbo].[CALISANLAR] ([CALISAN_ID], [OTEL_ID], [SGK_NO], [CALISAN_AKTIF_MI], [CALISMA_DURUMU], [CALISAN_AD], [CALISAN_SOYAD], [TEL_NO], [E_MAIL], [DOGUM_TARIHI], [CINSIYET], [ADRES_DETAY], [DEPARTMAN], [POZISYON], [ISE_BASLAMA_TARIHI], [MAASI], [ISCI_IS_VEREN_SOZLESME], [EK_ACIKLAMA]) VALUES (17, 17, N'12345678917', 1, N'Tam Zamanlı', N'Halil', N'Eren', N'05550000016    ', N'halil.eren@gmail.com', CAST(N'1987-05-17' AS Date), N'Erkek', N'kavaklıdere mahallesi no:1 antalya kepez', N'Resepsiyon', N'Resepsiyonist', CAST(N'2023-05-01' AS Date), CAST(20000.00 AS Decimal(10, 2)), NULL, N'')
INSERT [dbo].[CALISANLAR] ([CALISAN_ID], [OTEL_ID], [SGK_NO], [CALISAN_AKTIF_MI], [CALISMA_DURUMU], [CALISAN_AD], [CALISAN_SOYAD], [TEL_NO], [E_MAIL], [DOGUM_TARIHI], [CINSIYET], [ADRES_DETAY], [DEPARTMAN], [POZISYON], [ISE_BASLAMA_TARIHI], [MAASI], [ISCI_IS_VEREN_SOZLESME], [EK_ACIKLAMA]) VALUES (18, 18, N'12345678918', 1, N'Tam Zamanlı', N'Nazlı', N'Kara', N'05550000017    ', N'nazli.kara@gmail.com', CAST(N'1996-06-18' AS Date), N'Kadın', N'inönü mahallesi no:6 antalya kepez', N'Satış', N'Satış Temsilcisi', CAST(N'2023-06-01' AS Date), CAST(25000.00 AS Decimal(10, 2)), NULL, N'')
INSERT [dbo].[CALISANLAR] ([CALISAN_ID], [OTEL_ID], [SGK_NO], [CALISAN_AKTIF_MI], [CALISMA_DURUMU], [CALISAN_AD], [CALISAN_SOYAD], [TEL_NO], [E_MAIL], [DOGUM_TARIHI], [CINSIYET], [ADRES_DETAY], [DEPARTMAN], [POZISYON], [ISE_BASLAMA_TARIHI], [MAASI], [ISCI_IS_VEREN_SOZLESME], [EK_ACIKLAMA]) VALUES (19, 19, N'12345678919', 1, N'Tam Zamanlı', N'Onur', N'Şahin', N'05550000018    ', N'onur.sahin@gmail.com', CAST(N'1988-07-19' AS Date), N'Erkek', N'Atatürk mahallesi no:10 antalya kepez ', N'Mutfak', N'Aşçı Yardımcısı', CAST(N'2023-07-01' AS Date), CAST(15000.00 AS Decimal(10, 2)), NULL, N'')
INSERT [dbo].[CALISANLAR] ([CALISAN_ID], [OTEL_ID], [SGK_NO], [CALISAN_AKTIF_MI], [CALISMA_DURUMU], [CALISAN_AD], [CALISAN_SOYAD], [TEL_NO], [E_MAIL], [DOGUM_TARIHI], [CINSIYET], [ADRES_DETAY], [DEPARTMAN], [POZISYON], [ISE_BASLAMA_TARIHI], [MAASI], [ISCI_IS_VEREN_SOZLESME], [EK_ACIKLAMA]) VALUES (20, 20, N'12345678920', 1, N'Tam Zamanlı', N'Leyla', N'Bulut', N'05550000019    ', N'leyla.bulut@gmail.com', CAST(N'1993-08-20' AS Date), N'Kadın', N'torbalı mahallesi no:1 antalya kepez', N'Teknik', N'Teknik Destek', CAST(N'2023-08-01' AS Date), CAST(30000.00 AS Decimal(10, 2)), NULL, N'')
GO
INSERT [dbo].[ETKINLIKLER] ([ETKINLIK_ID], [SORUMLU_CALISAN_ID], [OTEL_ID], [ETKINLIK_ADI], [ETKINLIK_YERI], [ETKINLIK_TARIHI], [ETKINLIGI_DUZENLEYEN], [BUTCE], [GELIR], [ETKINLIK_DURUMU], [ETKINLIK_BASLANGIC_SAATI], [ETKINLIK_BITIS_SAATI], [EK_ACIKLAMA], [ETKINLIGE_AIT_GORSEL], [OLUSTURULMA_TARIHI], [GUNCELLENME_TARIHI]) VALUES (1, 1, 1, N'Yaz Festivali', N'Açık Alan', CAST(N'2024-06-15' AS Date), N'Yönetim', CAST(5000.00 AS Decimal(10, 2)), CAST(12000.00 AS Decimal(10, 2)), N'Tamamlandı', CAST(N'10:00:00' AS Time), CAST(N'18:00:00' AS Time), N'Misafirler için eğlence etkinlikleri düzenlendi.', NULL, CAST(N'2024-05-01T00:00:00.000' AS DateTime), CAST(N'2024-06-16T00:00:00.000' AS DateTime))
INSERT [dbo].[ETKINLIKLER] ([ETKINLIK_ID], [SORUMLU_CALISAN_ID], [OTEL_ID], [ETKINLIK_ADI], [ETKINLIK_YERI], [ETKINLIK_TARIHI], [ETKINLIGI_DUZENLEYEN], [BUTCE], [GELIR], [ETKINLIK_DURUMU], [ETKINLIK_BASLANGIC_SAATI], [ETKINLIK_BITIS_SAATI], [EK_ACIKLAMA], [ETKINLIGE_AIT_GORSEL], [OLUSTURULMA_TARIHI], [GUNCELLENME_TARIHI]) VALUES (2, 2, 2, N'Aşçılık Atölyesi', N'Restoran', CAST(N'2024-07-10' AS Date), N'Mutfak Departmanı', CAST(3000.00 AS Decimal(10, 2)), CAST(7000.00 AS Decimal(10, 2)), N'Tamamlandı', CAST(N'14:00:00' AS Time), CAST(N'17:00:00' AS Time), N'Misafirlere aşçılık eğitimi verildi.', NULL, CAST(N'2024-06-01T00:00:00.000' AS DateTime), CAST(N'2024-07-11T00:00:00.000' AS DateTime))
INSERT [dbo].[ETKINLIKLER] ([ETKINLIK_ID], [SORUMLU_CALISAN_ID], [OTEL_ID], [ETKINLIK_ADI], [ETKINLIK_YERI], [ETKINLIK_TARIHI], [ETKINLIGI_DUZENLEYEN], [BUTCE], [GELIR], [ETKINLIK_DURUMU], [ETKINLIK_BASLANGIC_SAATI], [ETKINLIK_BITIS_SAATI], [EK_ACIKLAMA], [ETKINLIGE_AIT_GORSEL], [OLUSTURULMA_TARIHI], [GUNCELLENME_TARIHI]) VALUES (3, 3, 3, N'Temizlik Eğitim Programı', N'Konferans Salonu', CAST(N'2024-08-20' AS Date), N'Temizlik Departmanı', CAST(2000.00 AS Decimal(10, 2)), CAST(4000.00 AS Decimal(10, 2)), N'Tamamlandı', CAST(N'09:00:00' AS Time), CAST(N'12:00:00' AS Time), N'Çalışanlar için temizlik eğitimi.', NULL, CAST(N'2024-07-01T00:00:00.000' AS DateTime), CAST(N'2024-08-21T00:00:00.000' AS DateTime))
INSERT [dbo].[ETKINLIKLER] ([ETKINLIK_ID], [SORUMLU_CALISAN_ID], [OTEL_ID], [ETKINLIK_ADI], [ETKINLIK_YERI], [ETKINLIK_TARIHI], [ETKINLIGI_DUZENLEYEN], [BUTCE], [GELIR], [ETKINLIK_DURUMU], [ETKINLIK_BASLANGIC_SAATI], [ETKINLIK_BITIS_SAATI], [EK_ACIKLAMA], [ETKINLIGE_AIT_GORSEL], [OLUSTURULMA_TARIHI], [GUNCELLENME_TARIHI]) VALUES (4, 4, 4, N'Mutfak Tadım Günü', N'Restoran', CAST(N'2024-09-05' AS Date), N'Mutfak Şefi', CAST(2500.00 AS Decimal(10, 2)), CAST(8000.00 AS Decimal(10, 2)), N'Tamamlandı', CAST(N'11:00:00' AS Time), CAST(N'15:00:00' AS Time), N'Misafirlere özel tadım günü.', NULL, CAST(N'2024-08-01T00:00:00.000' AS DateTime), CAST(N'2024-09-06T00:00:00.000' AS DateTime))
INSERT [dbo].[ETKINLIKLER] ([ETKINLIK_ID], [SORUMLU_CALISAN_ID], [OTEL_ID], [ETKINLIK_ADI], [ETKINLIK_YERI], [ETKINLIK_TARIHI], [ETKINLIGI_DUZENLEYEN], [BUTCE], [GELIR], [ETKINLIK_DURUMU], [ETKINLIK_BASLANGIC_SAATI], [ETKINLIK_BITIS_SAATI], [EK_ACIKLAMA], [ETKINLIGE_AIT_GORSEL], [OLUSTURULMA_TARIHI], [GUNCELLENME_TARIHI]) VALUES (5, 5, 5, N'Güvenlik Eğitim Programı', N'Güvenlik Ofisi', CAST(N'2024-10-15' AS Date), N'Güvenlik Departmanı', CAST(1500.00 AS Decimal(10, 2)), CAST(3500.00 AS Decimal(10, 2)), N'Tamamlandı', CAST(N'13:00:00' AS Time), CAST(N'16:00:00' AS Time), N'Çalışanlara güvenlik eğitimi.', NULL, CAST(N'2024-09-01T00:00:00.000' AS DateTime), CAST(N'2024-10-16T00:00:00.000' AS DateTime))
INSERT [dbo].[ETKINLIKLER] ([ETKINLIK_ID], [SORUMLU_CALISAN_ID], [OTEL_ID], [ETKINLIK_ADI], [ETKINLIK_YERI], [ETKINLIK_TARIHI], [ETKINLIGI_DUZENLEYEN], [BUTCE], [GELIR], [ETKINLIK_DURUMU], [ETKINLIK_BASLANGIC_SAATI], [ETKINLIK_BITIS_SAATI], [EK_ACIKLAMA], [ETKINLIGE_AIT_GORSEL], [OLUSTURULMA_TARIHI], [GUNCELLENME_TARIHI]) VALUES (6, 6, 6, N'Hoş Geldin Kokteyli', N'Lobi', CAST(N'2024-11-20' AS Date), N'Resepsiyon Departmanı', CAST(4000.00 AS Decimal(10, 2)), CAST(10000.00 AS Decimal(10, 2)), N'Tamamlandı', CAST(N'18:00:00' AS Time), CAST(N'20:00:00' AS Time), N'Yeni misafirler için özel kokteyl.', NULL, CAST(N'2024-10-01T00:00:00.000' AS DateTime), CAST(N'2024-11-21T00:00:00.000' AS DateTime))
INSERT [dbo].[ETKINLIKLER] ([ETKINLIK_ID], [SORUMLU_CALISAN_ID], [OTEL_ID], [ETKINLIK_ADI], [ETKINLIK_YERI], [ETKINLIK_TARIHI], [ETKINLIGI_DUZENLEYEN], [BUTCE], [GELIR], [ETKINLIK_DURUMU], [ETKINLIK_BASLANGIC_SAATI], [ETKINLIK_BITIS_SAATI], [EK_ACIKLAMA], [ETKINLIGE_AIT_GORSEL], [OLUSTURULMA_TARIHI], [GUNCELLENME_TARIHI]) VALUES (7, 7, 7, N'Teknik Eğitim Programı', N'Teknik Servis Alanı', CAST(N'2024-12-10' AS Date), N'Teknik Departman', CAST(2000.00 AS Decimal(10, 2)), CAST(5000.00 AS Decimal(10, 2)), N'Tamamlandı', CAST(N'10:00:00' AS Time), CAST(N'14:00:00' AS Time), N'Çalışanlar için teknik eğitim.', NULL, CAST(N'2024-11-01T00:00:00.000' AS DateTime), CAST(N'2024-12-11T00:00:00.000' AS DateTime))
INSERT [dbo].[ETKINLIKLER] ([ETKINLIK_ID], [SORUMLU_CALISAN_ID], [OTEL_ID], [ETKINLIK_ADI], [ETKINLIK_YERI], [ETKINLIK_TARIHI], [ETKINLIGI_DUZENLEYEN], [BUTCE], [GELIR], [ETKINLIK_DURUMU], [ETKINLIK_BASLANGIC_SAATI], [ETKINLIK_BITIS_SAATI], [EK_ACIKLAMA], [ETKINLIGE_AIT_GORSEL], [OLUSTURULMA_TARIHI], [GUNCELLENME_TARIHI]) VALUES (8, 8, 8, N'Misafir Karşılama Eğitimi', N'Konferans Salonu', CAST(N'2024-12-15' AS Date), N'Kat Hizmetleri Departmanı', CAST(3000.00 AS Decimal(10, 2)), CAST(6000.00 AS Decimal(10, 2)), N'Tamamlandı', CAST(N'09:00:00' AS Time), CAST(N'12:00:00' AS Time), N'Misafir karşılama prosedürleri eğitimi.', NULL, CAST(N'2024-11-10T00:00:00.000' AS DateTime), CAST(N'2024-12-16T00:00:00.000' AS DateTime))
INSERT [dbo].[ETKINLIKLER] ([ETKINLIK_ID], [SORUMLU_CALISAN_ID], [OTEL_ID], [ETKINLIK_ADI], [ETKINLIK_YERI], [ETKINLIK_TARIHI], [ETKINLIGI_DUZENLEYEN], [BUTCE], [GELIR], [ETKINLIK_DURUMU], [ETKINLIK_BASLANGIC_SAATI], [ETKINLIK_BITIS_SAATI], [EK_ACIKLAMA], [ETKINLIGE_AIT_GORSEL], [OLUSTURULMA_TARIHI], [GUNCELLENME_TARIHI]) VALUES (9, 9, 9, N'Güvenlik Gözetimi', N'Güvenlik Merkezi', CAST(N'2024-12-20' AS Date), N'Güvenlik Departmanı', CAST(1800.00 AS Decimal(10, 2)), CAST(4000.00 AS Decimal(10, 2)), N'Tamamlandı', CAST(N'11:00:00' AS Time), CAST(N'14:00:00' AS Time), N'Güvenlik ekipleri için gözetim.', NULL, CAST(N'2024-12-01T00:00:00.000' AS DateTime), CAST(N'2024-12-21T00:00:00.000' AS DateTime))
INSERT [dbo].[ETKINLIKLER] ([ETKINLIK_ID], [SORUMLU_CALISAN_ID], [OTEL_ID], [ETKINLIK_ADI], [ETKINLIK_YERI], [ETKINLIK_TARIHI], [ETKINLIGI_DUZENLEYEN], [BUTCE], [GELIR], [ETKINLIK_DURUMU], [ETKINLIK_BASLANGIC_SAATI], [ETKINLIK_BITIS_SAATI], [EK_ACIKLAMA], [ETKINLIGE_AIT_GORSEL], [OLUSTURULMA_TARIHI], [GUNCELLENME_TARIHI]) VALUES (10, 10, 10, N'Satış Teknikleri Eğitimi', N'Satış Ofisi', CAST(N'2024-12-25' AS Date), N'Satış Departmanı', CAST(2500.00 AS Decimal(10, 2)), CAST(7000.00 AS Decimal(10, 2)), N'Tamamlandı', CAST(N'14:00:00' AS Time), CAST(N'17:00:00' AS Time), N'Satış temsilcileri için teknik eğitim.', NULL, CAST(N'2024-12-01T00:00:00.000' AS DateTime), CAST(N'2024-12-26T00:00:00.000' AS DateTime))
INSERT [dbo].[ETKINLIKLER] ([ETKINLIK_ID], [SORUMLU_CALISAN_ID], [OTEL_ID], [ETKINLIK_ADI], [ETKINLIK_YERI], [ETKINLIK_TARIHI], [ETKINLIGI_DUZENLEYEN], [BUTCE], [GELIR], [ETKINLIK_DURUMU], [ETKINLIK_BASLANGIC_SAATI], [ETKINLIK_BITIS_SAATI], [EK_ACIKLAMA], [ETKINLIGE_AIT_GORSEL], [OLUSTURULMA_TARIHI], [GUNCELLENME_TARIHI]) VALUES (11, 11, 11, N'Kış Festivali', N'Bahçe', CAST(N'2024-12-30' AS Date), N'Yönetim', CAST(5000.00 AS Decimal(10, 2)), CAST(13000.00 AS Decimal(10, 2)), N'Tamamlandı', CAST(N'10:00:00' AS Time), CAST(N'18:00:00' AS Time), N'Misafirler için eğlence etkinlikleri.', NULL, CAST(N'2024-11-01T00:00:00.000' AS DateTime), CAST(N'2024-12-31T00:00:00.000' AS DateTime))
INSERT [dbo].[ETKINLIKLER] ([ETKINLIK_ID], [SORUMLU_CALISAN_ID], [OTEL_ID], [ETKINLIK_ADI], [ETKINLIK_YERI], [ETKINLIK_TARIHI], [ETKINLIGI_DUZENLEYEN], [BUTCE], [GELIR], [ETKINLIK_DURUMU], [ETKINLIK_BASLANGIC_SAATI], [ETKINLIK_BITIS_SAATI], [EK_ACIKLAMA], [ETKINLIGE_AIT_GORSEL], [OLUSTURULMA_TARIHI], [GUNCELLENME_TARIHI]) VALUES (12, 12, 12, N'Çocuk Atölyesi', N'Oyun Alanı', CAST(N'2024-12-12' AS Date), N'Mutfak Departmanı', CAST(2000.00 AS Decimal(10, 2)), CAST(5000.00 AS Decimal(10, 2)), N'Tamamlandı', CAST(N'14:00:00' AS Time), CAST(N'16:00:00' AS Time), N'Çocuklar için eğitici atölye.', NULL, CAST(N'2024-11-15T00:00:00.000' AS DateTime), CAST(N'2024-12-13T00:00:00.000' AS DateTime))
INSERT [dbo].[ETKINLIKLER] ([ETKINLIK_ID], [SORUMLU_CALISAN_ID], [OTEL_ID], [ETKINLIK_ADI], [ETKINLIK_YERI], [ETKINLIK_TARIHI], [ETKINLIGI_DUZENLEYEN], [BUTCE], [GELIR], [ETKINLIK_DURUMU], [ETKINLIK_BASLANGIC_SAATI], [ETKINLIK_BITIS_SAATI], [EK_ACIKLAMA], [ETKINLIGE_AIT_GORSEL], [OLUSTURULMA_TARIHI], [GUNCELLENME_TARIHI]) VALUES (13, 13, 13, N'Temizlik Gözetimi', N'Temizlik Ofisi', CAST(N'2024-12-18' AS Date), N'Temizlik Departmanı', CAST(1800.00 AS Decimal(10, 2)), CAST(3500.00 AS Decimal(10, 2)), N'Tamamlandı', CAST(N'11:00:00' AS Time), CAST(N'14:00:00' AS Time), N'Temizlik ekipleri için gözetim.', NULL, CAST(N'2024-12-01T00:00:00.000' AS DateTime), CAST(N'2024-12-19T00:00:00.000' AS DateTime))
INSERT [dbo].[ETKINLIKLER] ([ETKINLIK_ID], [SORUMLU_CALISAN_ID], [OTEL_ID], [ETKINLIK_ADI], [ETKINLIK_YERI], [ETKINLIK_TARIHI], [ETKINLIGI_DUZENLEYEN], [BUTCE], [GELIR], [ETKINLIK_DURUMU], [ETKINLIK_BASLANGIC_SAATI], [ETKINLIK_BITIS_SAATI], [EK_ACIKLAMA], [ETKINLIGE_AIT_GORSEL], [OLUSTURULMA_TARIHI], [GUNCELLENME_TARIHI]) VALUES (14, 14, 14, N'Yılbaşı Kokteyli', N'Restoran', CAST(N'2024-12-31' AS Date), N'Mutfak Şefi', CAST(4000.00 AS Decimal(10, 2)), CAST(10000.00 AS Decimal(10, 2)), N'Tamamlandı', CAST(N'18:00:00' AS Time), CAST(N'20:00:00' AS Time), N'Yılbaşı kutlaması için özel kokteyl.', NULL, CAST(N'2024-12-01T00:00:00.000' AS DateTime), CAST(N'2024-12-31T00:00:00.000' AS DateTime))
INSERT [dbo].[ETKINLIKLER] ([ETKINLIK_ID], [SORUMLU_CALISAN_ID], [OTEL_ID], [ETKINLIK_ADI], [ETKINLIK_YERI], [ETKINLIK_TARIHI], [ETKINLIGI_DUZENLEYEN], [BUTCE], [GELIR], [ETKINLIK_DURUMU], [ETKINLIK_BASLANGIC_SAATI], [ETKINLIK_BITIS_SAATI], [EK_ACIKLAMA], [ETKINLIGE_AIT_GORSEL], [OLUSTURULMA_TARIHI], [GUNCELLENME_TARIHI]) VALUES (15, 15, 15, N'Güvenlik Gözetimi', N'Güvenlik Merkezi', CAST(N'2024-11-22' AS Date), N'Güvenlik Departmanı', CAST(1600.00 AS Decimal(10, 2)), CAST(3000.00 AS Decimal(10, 2)), N'Tamamlandı', CAST(N'10:00:00' AS Time), CAST(N'13:00:00' AS Time), N'Güvenlik ekiplerinin değerlendirilmesi.', NULL, CAST(N'2024-10-15T00:00:00.000' AS DateTime), CAST(N'2024-11-23T00:00:00.000' AS DateTime))
INSERT [dbo].[ETKINLIKLER] ([ETKINLIK_ID], [SORUMLU_CALISAN_ID], [OTEL_ID], [ETKINLIK_ADI], [ETKINLIK_YERI], [ETKINLIK_TARIHI], [ETKINLIGI_DUZENLEYEN], [BUTCE], [GELIR], [ETKINLIK_DURUMU], [ETKINLIK_BASLANGIC_SAATI], [ETKINLIK_BITIS_SAATI], [EK_ACIKLAMA], [ETKINLIGE_AIT_GORSEL], [OLUSTURULMA_TARIHI], [GUNCELLENME_TARIHI]) VALUES (16, 16, 16, N'Müşteri Memnuniyet Eğitimi', N'Lobi', CAST(N'2024-12-10' AS Date), N'Resepsiyon Departmanı', CAST(2000.00 AS Decimal(10, 2)), CAST(6000.00 AS Decimal(10, 2)), N'Tamamlandı', CAST(N'15:00:00' AS Time), CAST(N'18:00:00' AS Time), N'Müşteri memnuniyeti artırma teknikleri.', NULL, CAST(N'2024-11-20T00:00:00.000' AS DateTime), CAST(N'2024-12-11T00:00:00.000' AS DateTime))
INSERT [dbo].[ETKINLIKLER] ([ETKINLIK_ID], [SORUMLU_CALISAN_ID], [OTEL_ID], [ETKINLIK_ADI], [ETKINLIK_YERI], [ETKINLIK_TARIHI], [ETKINLIGI_DUZENLEYEN], [BUTCE], [GELIR], [ETKINLIK_DURUMU], [ETKINLIK_BASLANGIC_SAATI], [ETKINLIK_BITIS_SAATI], [EK_ACIKLAMA], [ETKINLIGE_AIT_GORSEL], [OLUSTURULMA_TARIHI], [GUNCELLENME_TARIHI]) VALUES (17, 17, 17, N'Teknik Donanım Tanıtımı', N'Teknik Servis Alanı', CAST(N'2024-12-17' AS Date), N'Teknik Departman', CAST(3000.00 AS Decimal(10, 2)), CAST(9000.00 AS Decimal(10, 2)), N'Tamamlandı', CAST(N'09:00:00' AS Time), CAST(N'12:00:00' AS Time), N'Teknik ekipman tanıtımı ve kullanımı.', NULL, CAST(N'2024-11-15T00:00:00.000' AS DateTime), CAST(N'2024-12-18T00:00:00.000' AS DateTime))
INSERT [dbo].[ETKINLIKLER] ([ETKINLIK_ID], [SORUMLU_CALISAN_ID], [OTEL_ID], [ETKINLIK_ADI], [ETKINLIK_YERI], [ETKINLIK_TARIHI], [ETKINLIGI_DUZENLEYEN], [BUTCE], [GELIR], [ETKINLIK_DURUMU], [ETKINLIK_BASLANGIC_SAATI], [ETKINLIK_BITIS_SAATI], [EK_ACIKLAMA], [ETKINLIGE_AIT_GORSEL], [OLUSTURULMA_TARIHI], [GUNCELLENME_TARIHI]) VALUES (18, 18, 18, N'Yatak Odası Hizmetleri Eğitimi', N'Konferans Salonu', CAST(N'2024-12-13' AS Date), N'Kat Hizmetleri Departmanı', CAST(2500.00 AS Decimal(10, 2)), CAST(7000.00 AS Decimal(10, 2)), N'Tamamlandı', CAST(N'13:00:00' AS Time), CAST(N'16:00:00' AS Time), N'Oda düzenleme ve yatak hizmetleri eğitimi.', NULL, CAST(N'2024-11-30T00:00:00.000' AS DateTime), CAST(N'2024-12-14T00:00:00.000' AS DateTime))
INSERT [dbo].[ETKINLIKLER] ([ETKINLIK_ID], [SORUMLU_CALISAN_ID], [OTEL_ID], [ETKINLIK_ADI], [ETKINLIK_YERI], [ETKINLIK_TARIHI], [ETKINLIGI_DUZENLEYEN], [BUTCE], [GELIR], [ETKINLIK_DURUMU], [ETKINLIK_BASLANGIC_SAATI], [ETKINLIK_BITIS_SAATI], [EK_ACIKLAMA], [ETKINLIGE_AIT_GORSEL], [OLUSTURULMA_TARIHI], [GUNCELLENME_TARIHI]) VALUES (19, 19, 19, N'Güvenlik Raporlama Eğitimi', N'Güvenlik Merkezi', CAST(N'2024-12-05' AS Date), N'Güvenlik Departmanı', CAST(1500.00 AS Decimal(10, 2)), CAST(4000.00 AS Decimal(10, 2)), N'Tamamlandı', CAST(N'09:00:00' AS Time), CAST(N'12:00:00' AS Time), N'Güvenlik raporları hazırlama eğitimi.', NULL, CAST(N'2024-11-15T00:00:00.000' AS DateTime), CAST(N'2024-12-06T00:00:00.000' AS DateTime))
INSERT [dbo].[ETKINLIKLER] ([ETKINLIK_ID], [SORUMLU_CALISAN_ID], [OTEL_ID], [ETKINLIK_ADI], [ETKINLIK_YERI], [ETKINLIK_TARIHI], [ETKINLIGI_DUZENLEYEN], [BUTCE], [GELIR], [ETKINLIK_DURUMU], [ETKINLIK_BASLANGIC_SAATI], [ETKINLIK_BITIS_SAATI], [EK_ACIKLAMA], [ETKINLIGE_AIT_GORSEL], [OLUSTURULMA_TARIHI], [GUNCELLENME_TARIHI]) VALUES (20, 20, 20, N'Satış Değerlendirme Toplantısı', N'Satış Ofisi', CAST(N'2024-12-20' AS Date), N'Satış Departmanı', CAST(2500.00 AS Decimal(10, 2)), CAST(7000.00 AS Decimal(10, 2)), N'Tamamlandı', CAST(N'14:00:00' AS Time), CAST(N'17:00:00' AS Time), N'Satış hedeflerinin değerlendirilmesi.', NULL, CAST(N'2024-11-25T00:00:00.000' AS DateTime), CAST(N'2024-12-21T00:00:00.000' AS DateTime))
GO
INSERT [dbo].[GELIRLER] ([GELIR_ID], [OTEL_ID], [GELIR_KAYIT_TARIHI], [GELIR_TUTARI], [GELIR_KAYNAGI], [EK_ACIKLAMA]) VALUES (1, 1, CAST(N'2024-01-10T00:00:00.000' AS DateTime), CAST(1500000.00 AS Decimal(10, 2)), N'Etkinlik', N'Yeni yıl etkinliği geliri.')
INSERT [dbo].[GELIRLER] ([GELIR_ID], [OTEL_ID], [GELIR_KAYIT_TARIHI], [GELIR_TUTARI], [GELIR_KAYNAGI], [EK_ACIKLAMA]) VALUES (2, 2, CAST(N'2024-01-15T00:00:00.000' AS DateTime), CAST(1400000.00 AS Decimal(10, 2)), N'Müşteri', N'Ocak ayı rezervasyon geliri.')
INSERT [dbo].[GELIRLER] ([GELIR_ID], [OTEL_ID], [GELIR_KAYIT_TARIHI], [GELIR_TUTARI], [GELIR_KAYNAGI], [EK_ACIKLAMA]) VALUES (3, 3, CAST(N'2024-01-20T00:00:00.000' AS DateTime), CAST(1600000.00 AS Decimal(10, 2)), N'Hizmet', N'Ocak ayı spa ve restoran geliri.')
INSERT [dbo].[GELIRLER] ([GELIR_ID], [OTEL_ID], [GELIR_KAYIT_TARIHI], [GELIR_TUTARI], [GELIR_KAYNAGI], [EK_ACIKLAMA]) VALUES (4, 4, CAST(N'2024-02-10T00:00:00.000' AS DateTime), CAST(1700000.00 AS Decimal(10, 2)), N'Etkinlik', N'Şubat ayı özel etkinlik geliri.')
INSERT [dbo].[GELIRLER] ([GELIR_ID], [OTEL_ID], [GELIR_KAYIT_TARIHI], [GELIR_TUTARI], [GELIR_KAYNAGI], [EK_ACIKLAMA]) VALUES (5, 5, CAST(N'2024-02-15T00:00:00.000' AS DateTime), CAST(1800000.00 AS Decimal(10, 2)), N'Müşteri', N'Şubat ayı rezervasyon geliri.')
INSERT [dbo].[GELIRLER] ([GELIR_ID], [OTEL_ID], [GELIR_KAYIT_TARIHI], [GELIR_TUTARI], [GELIR_KAYNAGI], [EK_ACIKLAMA]) VALUES (6, 6, CAST(N'2024-02-20T00:00:00.000' AS DateTime), CAST(1600000.00 AS Decimal(10, 2)), N'Hizmet', N'Şubat ayı hizmet geliri.')
INSERT [dbo].[GELIRLER] ([GELIR_ID], [OTEL_ID], [GELIR_KAYIT_TARIHI], [GELIR_TUTARI], [GELIR_KAYNAGI], [EK_ACIKLAMA]) VALUES (7, 7, CAST(N'2024-03-10T00:00:00.000' AS DateTime), CAST(2000000.00 AS Decimal(10, 2)), N'Etkinlik', N'Mart ayı konser geliri.')
INSERT [dbo].[GELIRLER] ([GELIR_ID], [OTEL_ID], [GELIR_KAYIT_TARIHI], [GELIR_TUTARI], [GELIR_KAYNAGI], [EK_ACIKLAMA]) VALUES (8, 8, CAST(N'2024-03-15T00:00:00.000' AS DateTime), CAST(1900000.00 AS Decimal(10, 2)), N'Müşteri', N'Mart ayı rezervasyon geliri.')
INSERT [dbo].[GELIRLER] ([GELIR_ID], [OTEL_ID], [GELIR_KAYIT_TARIHI], [GELIR_TUTARI], [GELIR_KAYNAGI], [EK_ACIKLAMA]) VALUES (9, 9, CAST(N'2024-03-20T00:00:00.000' AS DateTime), CAST(2100000.00 AS Decimal(10, 2)), N'Hizmet', N'Mart ayı spa ve oda servisi geliri.')
INSERT [dbo].[GELIRLER] ([GELIR_ID], [OTEL_ID], [GELIR_KAYIT_TARIHI], [GELIR_TUTARI], [GELIR_KAYNAGI], [EK_ACIKLAMA]) VALUES (10, 10, CAST(N'2024-04-10T00:00:00.000' AS DateTime), CAST(1850000.00 AS Decimal(10, 2)), N'Etkinlik', N'Bahar festivali geliri.')
INSERT [dbo].[GELIRLER] ([GELIR_ID], [OTEL_ID], [GELIR_KAYIT_TARIHI], [GELIR_TUTARI], [GELIR_KAYNAGI], [EK_ACIKLAMA]) VALUES (11, 11, CAST(N'2024-04-15T00:00:00.000' AS DateTime), CAST(1800000.00 AS Decimal(10, 2)), N'Müşteri', N'Nisan ayı rezervasyon geliri.')
INSERT [dbo].[GELIRLER] ([GELIR_ID], [OTEL_ID], [GELIR_KAYIT_TARIHI], [GELIR_TUTARI], [GELIR_KAYNAGI], [EK_ACIKLAMA]) VALUES (12, 12, CAST(N'2024-04-20T00:00:00.000' AS DateTime), CAST(1900000.00 AS Decimal(10, 2)), N'Hizmet', N'Nisan ayı hizmet geliri.')
INSERT [dbo].[GELIRLER] ([GELIR_ID], [OTEL_ID], [GELIR_KAYIT_TARIHI], [GELIR_TUTARI], [GELIR_KAYNAGI], [EK_ACIKLAMA]) VALUES (13, 13, CAST(N'2024-05-10T00:00:00.000' AS DateTime), CAST(1900000.00 AS Decimal(10, 2)), N'Etkinlik', N'Yaz sezonu etkinlik geliri.')
INSERT [dbo].[GELIRLER] ([GELIR_ID], [OTEL_ID], [GELIR_KAYIT_TARIHI], [GELIR_TUTARI], [GELIR_KAYNAGI], [EK_ACIKLAMA]) VALUES (14, 14, CAST(N'2024-05-15T00:00:00.000' AS DateTime), CAST(1850000.00 AS Decimal(10, 2)), N'Müşteri', N'Mayıs ayı rezervasyon geliri.')
INSERT [dbo].[GELIRLER] ([GELIR_ID], [OTEL_ID], [GELIR_KAYIT_TARIHI], [GELIR_TUTARI], [GELIR_KAYNAGI], [EK_ACIKLAMA]) VALUES (15, 15, CAST(N'2024-05-20T00:00:00.000' AS DateTime), CAST(2000000.00 AS Decimal(10, 2)), N'Hizmet', N'Mayıs ayı otel hizmet geliri.')
INSERT [dbo].[GELIRLER] ([GELIR_ID], [OTEL_ID], [GELIR_KAYIT_TARIHI], [GELIR_TUTARI], [GELIR_KAYNAGI], [EK_ACIKLAMA]) VALUES (16, 16, CAST(N'2024-06-10T00:00:00.000' AS DateTime), CAST(2200000.00 AS Decimal(10, 2)), N'Etkinlik', N'Haziran ayı etkinlik geliri.')
INSERT [dbo].[GELIRLER] ([GELIR_ID], [OTEL_ID], [GELIR_KAYIT_TARIHI], [GELIR_TUTARI], [GELIR_KAYNAGI], [EK_ACIKLAMA]) VALUES (17, 17, CAST(N'2024-06-15T00:00:00.000' AS DateTime), CAST(2150000.00 AS Decimal(10, 2)), N'Müşteri', N'Haziran ayı rezervasyon geliri.')
INSERT [dbo].[GELIRLER] ([GELIR_ID], [OTEL_ID], [GELIR_KAYIT_TARIHI], [GELIR_TUTARI], [GELIR_KAYNAGI], [EK_ACIKLAMA]) VALUES (18, 18, CAST(N'2024-06-20T00:00:00.000' AS DateTime), CAST(2300000.00 AS Decimal(10, 2)), N'Hizmet', N'Haziran ayı genel hizmet geliri.')
INSERT [dbo].[GELIRLER] ([GELIR_ID], [OTEL_ID], [GELIR_KAYIT_TARIHI], [GELIR_TUTARI], [GELIR_KAYNAGI], [EK_ACIKLAMA]) VALUES (19, 19, CAST(N'2024-07-10T00:00:00.000' AS DateTime), CAST(2050000.00 AS Decimal(10, 2)), N'Etkinlik', N'Temmuz ayı konser geliri.')
INSERT [dbo].[GELIRLER] ([GELIR_ID], [OTEL_ID], [GELIR_KAYIT_TARIHI], [GELIR_TUTARI], [GELIR_KAYNAGI], [EK_ACIKLAMA]) VALUES (20, 20, CAST(N'2024-07-15T00:00:00.000' AS DateTime), CAST(2000000.00 AS Decimal(10, 2)), N'Müşteri', N'Temmuz ayı rezervasyon geliri.')
GO
INSERT [dbo].[GIDERLER] ([GIDER_ID], [OTEL_ID], [GIDER_KAYIT_TARIHI], [GIDER_TUTARI], [GIDER_TIPI], [EK_ACIKLAMA]) VALUES (1, 1, CAST(N'2024-01-05' AS Date), CAST(300000.00 AS Decimal(10, 2)), N'Çalışan Maaşları', N'Ocak maaşları.')
INSERT [dbo].[GIDERLER] ([GIDER_ID], [OTEL_ID], [GIDER_KAYIT_TARIHI], [GIDER_TUTARI], [GIDER_TIPI], [EK_ACIKLAMA]) VALUES (2, 2, CAST(N'2024-01-10' AS Date), CAST(200000.00 AS Decimal(10, 2)), N'Bakım Onarım', N'Ocak bakım çalışmaları.')
INSERT [dbo].[GIDERLER] ([GIDER_ID], [OTEL_ID], [GIDER_KAYIT_TARIHI], [GIDER_TUTARI], [GIDER_TIPI], [EK_ACIKLAMA]) VALUES (3, 3, CAST(N'2024-01-15' AS Date), CAST(250000.00 AS Decimal(10, 2)), N'Reklam ve Pazarlama', N'Reklam çalışmaları.')
INSERT [dbo].[GIDERLER] ([GIDER_ID], [OTEL_ID], [GIDER_KAYIT_TARIHI], [GIDER_TUTARI], [GIDER_TIPI], [EK_ACIKLAMA]) VALUES (4, 4, CAST(N'2024-02-05' AS Date), CAST(320000.00 AS Decimal(10, 2)), N'Personel Maaşları', N'Şubat maaşları.')
INSERT [dbo].[GIDERLER] ([GIDER_ID], [OTEL_ID], [GIDER_KAYIT_TARIHI], [GIDER_TUTARI], [GIDER_TIPI], [EK_ACIKLAMA]) VALUES (5, 5, CAST(N'2024-02-10' AS Date), CAST(210000.00 AS Decimal(10, 2)), N'Bakım Onarım', N'Şubat bakım çalışmaları.')
INSERT [dbo].[GIDERLER] ([GIDER_ID], [OTEL_ID], [GIDER_KAYIT_TARIHI], [GIDER_TUTARI], [GIDER_TIPI], [EK_ACIKLAMA]) VALUES (6, 6, CAST(N'2024-02-15' AS Date), CAST(270000.00 AS Decimal(10, 2)), N'Reklam ve Pazarlama', N'Reklam çalışmaları.')
INSERT [dbo].[GIDERLER] ([GIDER_ID], [OTEL_ID], [GIDER_KAYIT_TARIHI], [GIDER_TUTARI], [GIDER_TIPI], [EK_ACIKLAMA]) VALUES (7, 7, CAST(N'2024-03-05' AS Date), CAST(310000.00 AS Decimal(10, 2)), N'Çalışan Maaşları', N'Mart maaşları.')
INSERT [dbo].[GIDERLER] ([GIDER_ID], [OTEL_ID], [GIDER_KAYIT_TARIHI], [GIDER_TUTARI], [GIDER_TIPI], [EK_ACIKLAMA]) VALUES (8, 8, CAST(N'2024-03-10' AS Date), CAST(190000.00 AS Decimal(10, 2)), N'Bakım Onarım', N'Mart bakım çalışmaları.')
INSERT [dbo].[GIDERLER] ([GIDER_ID], [OTEL_ID], [GIDER_KAYIT_TARIHI], [GIDER_TUTARI], [GIDER_TIPI], [EK_ACIKLAMA]) VALUES (9, 9, CAST(N'2024-03-15' AS Date), CAST(240000.00 AS Decimal(10, 2)), N'Reklam ve Pazarlama', N'Reklam çalışmaları.')
INSERT [dbo].[GIDERLER] ([GIDER_ID], [OTEL_ID], [GIDER_KAYIT_TARIHI], [GIDER_TUTARI], [GIDER_TIPI], [EK_ACIKLAMA]) VALUES (10, 10, CAST(N'2024-04-05' AS Date), CAST(350000.00 AS Decimal(10, 2)), N'Personel Maaşları', N'Nisan maaşları.')
INSERT [dbo].[GIDERLER] ([GIDER_ID], [OTEL_ID], [GIDER_KAYIT_TARIHI], [GIDER_TUTARI], [GIDER_TIPI], [EK_ACIKLAMA]) VALUES (11, 11, CAST(N'2024-04-10' AS Date), CAST(230000.00 AS Decimal(10, 2)), N'Bakım Onarım', N'Nisan bakım çalışmaları.')
INSERT [dbo].[GIDERLER] ([GIDER_ID], [OTEL_ID], [GIDER_KAYIT_TARIHI], [GIDER_TUTARI], [GIDER_TIPI], [EK_ACIKLAMA]) VALUES (12, 12, CAST(N'2024-04-15' AS Date), CAST(260000.00 AS Decimal(10, 2)), N'Reklam ve Pazarlama', N'Reklam çalışmaları.')
INSERT [dbo].[GIDERLER] ([GIDER_ID], [OTEL_ID], [GIDER_KAYIT_TARIHI], [GIDER_TUTARI], [GIDER_TIPI], [EK_ACIKLAMA]) VALUES (13, 13, CAST(N'2024-05-05' AS Date), CAST(330000.00 AS Decimal(10, 2)), N'Personel Maaşları', N'Mayıs maaşları.')
INSERT [dbo].[GIDERLER] ([GIDER_ID], [OTEL_ID], [GIDER_KAYIT_TARIHI], [GIDER_TUTARI], [GIDER_TIPI], [EK_ACIKLAMA]) VALUES (14, 14, CAST(N'2024-05-10' AS Date), CAST(220000.00 AS Decimal(10, 2)), N'Bakım Onarım', N'Mayıs bakım çalışmaları.')
INSERT [dbo].[GIDERLER] ([GIDER_ID], [OTEL_ID], [GIDER_KAYIT_TARIHI], [GIDER_TUTARI], [GIDER_TIPI], [EK_ACIKLAMA]) VALUES (15, 15, CAST(N'2024-05-15' AS Date), CAST(280000.00 AS Decimal(10, 2)), N'Reklam ve Pazarlama', N'Reklam çalışmaları.')
INSERT [dbo].[GIDERLER] ([GIDER_ID], [OTEL_ID], [GIDER_KAYIT_TARIHI], [GIDER_TUTARI], [GIDER_TIPI], [EK_ACIKLAMA]) VALUES (16, 16, CAST(N'2024-06-05' AS Date), CAST(340000.00 AS Decimal(10, 2)), N'Personel Maaşları', N'Haziran maaşları.')
INSERT [dbo].[GIDERLER] ([GIDER_ID], [OTEL_ID], [GIDER_KAYIT_TARIHI], [GIDER_TUTARI], [GIDER_TIPI], [EK_ACIKLAMA]) VALUES (17, 17, CAST(N'2024-06-10' AS Date), CAST(240000.00 AS Decimal(10, 2)), N'Bakım Onarım', N'Haziran bakım çalışmaları.')
INSERT [dbo].[GIDERLER] ([GIDER_ID], [OTEL_ID], [GIDER_KAYIT_TARIHI], [GIDER_TUTARI], [GIDER_TIPI], [EK_ACIKLAMA]) VALUES (18, 18, CAST(N'2024-06-15' AS Date), CAST(300000.00 AS Decimal(10, 2)), N'Reklam ve Pazarlama', N'Reklam çalışmaları.')
INSERT [dbo].[GIDERLER] ([GIDER_ID], [OTEL_ID], [GIDER_KAYIT_TARIHI], [GIDER_TUTARI], [GIDER_TIPI], [EK_ACIKLAMA]) VALUES (19, 19, CAST(N'2024-07-05' AS Date), CAST(370000.00 AS Decimal(10, 2)), N'Personel Maaşları', N'Temmuz maaşları.')
INSERT [dbo].[GIDERLER] ([GIDER_ID], [OTEL_ID], [GIDER_KAYIT_TARIHI], [GIDER_TUTARI], [GIDER_TIPI], [EK_ACIKLAMA]) VALUES (20, 20, CAST(N'2024-07-10' AS Date), CAST(250000.00 AS Decimal(10, 2)), N'Bakım Onarım', N'Temmuz bakım çalışmaları.')
GO
INSERT [dbo].[HIZMETLER] ([HIZMET_ID], [OTEL_ID], [CALISAN_ID], [HIZMET_ADI], [AKTIF_MI], [HIZMET_ACIKLAMA], [UCRET], [HIZMET_TURU], [HIZMETTE_EK_MASRAFLAR], [MAX_KAPASITE], [HIZMET_BASLANGIC], [HIZMET_BITIS], [OLUSTURULMA_TARIHI], [GUNCELLENME_TARIHI]) VALUES (1, 1, 1, N'Oda Temizliği', 1, N'Misafir odalarının günlük temizliği.', CAST(150.00 AS Decimal(5, 2)), N'Temizlik', N'Ekstra havlu ücreti.', 50, CAST(N'2024-01-01T09:00:00.000' AS DateTime), CAST(N'2024-01-01T17:00:00.000' AS DateTime), CAST(N'2024-01-01T08:00:00.000' AS DateTime), CAST(N'2024-01-01T18:00:00.000' AS DateTime))
INSERT [dbo].[HIZMETLER] ([HIZMET_ID], [OTEL_ID], [CALISAN_ID], [HIZMET_ADI], [AKTIF_MI], [HIZMET_ACIKLAMA], [UCRET], [HIZMET_TURU], [HIZMETTE_EK_MASRAFLAR], [MAX_KAPASITE], [HIZMET_BASLANGIC], [HIZMET_BITIS], [OLUSTURULMA_TARIHI], [GUNCELLENME_TARIHI]) VALUES (2, 2, 2, N'Yemek Servisi', 1, N'Oda servisiyle yemek teslimi.', CAST(200.00 AS Decimal(5, 2)), N'Yemek', N'Gece servisi ücreti.', 30, CAST(N'2024-01-02T11:00:00.000' AS DateTime), CAST(N'2024-01-02T22:00:00.000' AS DateTime), CAST(N'2024-01-02T10:00:00.000' AS DateTime), CAST(N'2024-01-02T23:00:00.000' AS DateTime))
INSERT [dbo].[HIZMETLER] ([HIZMET_ID], [OTEL_ID], [CALISAN_ID], [HIZMET_ADI], [AKTIF_MI], [HIZMET_ACIKLAMA], [UCRET], [HIZMET_TURU], [HIZMETTE_EK_MASRAFLAR], [MAX_KAPASITE], [HIZMET_BASLANGIC], [HIZMET_BITIS], [OLUSTURULMA_TARIHI], [GUNCELLENME_TARIHI]) VALUES (3, 3, 3, N'Havuz Temizliği', 1, N'Oteldeki havuzun düzenli temizliği.', CAST(500.00 AS Decimal(5, 2)), N'Temizlik', N'Kimyasal masraflar.', 5, CAST(N'2024-01-03T07:00:00.000' AS DateTime), CAST(N'2024-01-03T11:00:00.000' AS DateTime), CAST(N'2024-01-03T06:30:00.000' AS DateTime), CAST(N'2024-01-03T12:00:00.000' AS DateTime))
INSERT [dbo].[HIZMETLER] ([HIZMET_ID], [OTEL_ID], [CALISAN_ID], [HIZMET_ADI], [AKTIF_MI], [HIZMET_ACIKLAMA], [UCRET], [HIZMET_TURU], [HIZMETTE_EK_MASRAFLAR], [MAX_KAPASITE], [HIZMET_BASLANGIC], [HIZMET_BITIS], [OLUSTURULMA_TARIHI], [GUNCELLENME_TARIHI]) VALUES (4, 4, 4, N'Kahvaltı Servisi', 1, N'Açık büfe kahvaltı.', CAST(250.00 AS Decimal(5, 2)), N'Yemek', N'Taze meyve ek ücreti.', 100, CAST(N'2024-01-04T07:30:00.000' AS DateTime), CAST(N'2024-01-04T10:30:00.000' AS DateTime), CAST(N'2024-01-04T07:00:00.000' AS DateTime), CAST(N'2024-01-04T11:00:00.000' AS DateTime))
INSERT [dbo].[HIZMETLER] ([HIZMET_ID], [OTEL_ID], [CALISAN_ID], [HIZMET_ADI], [AKTIF_MI], [HIZMET_ACIKLAMA], [UCRET], [HIZMET_TURU], [HIZMETTE_EK_MASRAFLAR], [MAX_KAPASITE], [HIZMET_BASLANGIC], [HIZMET_BITIS], [OLUSTURULMA_TARIHI], [GUNCELLENME_TARIHI]) VALUES (5, 5, 5, N'Güvenlik Hizmeti', 1, N'Otelde güvenlik desteği.', CAST(100.00 AS Decimal(5, 2)), N'Güvenlik', N'Gece nöbet ücreti.', 10, CAST(N'2024-01-05T00:00:00.000' AS DateTime), CAST(N'2024-01-05T23:59:00.000' AS DateTime), CAST(N'2024-01-05T00:00:00.000' AS DateTime), CAST(N'2024-01-05T23:59:00.000' AS DateTime))
INSERT [dbo].[HIZMETLER] ([HIZMET_ID], [OTEL_ID], [CALISAN_ID], [HIZMET_ADI], [AKTIF_MI], [HIZMET_ACIKLAMA], [UCRET], [HIZMET_TURU], [HIZMETTE_EK_MASRAFLAR], [MAX_KAPASITE], [HIZMET_BASLANGIC], [HIZMET_BITIS], [OLUSTURULMA_TARIHI], [GUNCELLENME_TARIHI]) VALUES (6, 6, 6, N'Hoş Geldiniz Kokteyli', 1, N'Misafirlere özel karşılama kokteyli.', CAST(300.00 AS Decimal(5, 2)), N'Etkinlik', N'Ekstra içecek ücreti.', 50, CAST(N'2024-01-06T18:00:00.000' AS DateTime), CAST(N'2024-01-06T20:00:00.000' AS DateTime), CAST(N'2024-01-06T17:30:00.000' AS DateTime), CAST(N'2024-01-06T21:00:00.000' AS DateTime))
INSERT [dbo].[HIZMETLER] ([HIZMET_ID], [OTEL_ID], [CALISAN_ID], [HIZMET_ADI], [AKTIF_MI], [HIZMET_ACIKLAMA], [UCRET], [HIZMET_TURU], [HIZMETTE_EK_MASRAFLAR], [MAX_KAPASITE], [HIZMET_BASLANGIC], [HIZMET_BITIS], [OLUSTURULMA_TARIHI], [GUNCELLENME_TARIHI]) VALUES (7, 7, 7, N'Teknik Destek', 1, N'Oda içerisindeki teknik problemler.', CAST(150.00 AS Decimal(5, 2)), N'Teknik', N'Parça masrafları.', 10, CAST(N'2024-01-07T08:00:00.000' AS DateTime), CAST(N'2024-01-07T17:00:00.000' AS DateTime), CAST(N'2024-01-07T07:30:00.000' AS DateTime), CAST(N'2024-01-07T17:30:00.000' AS DateTime))
INSERT [dbo].[HIZMETLER] ([HIZMET_ID], [OTEL_ID], [CALISAN_ID], [HIZMET_ADI], [AKTIF_MI], [HIZMET_ACIKLAMA], [UCRET], [HIZMET_TURU], [HIZMETTE_EK_MASRAFLAR], [MAX_KAPASITE], [HIZMET_BASLANGIC], [HIZMET_BITIS], [OLUSTURULMA_TARIHI], [GUNCELLENME_TARIHI]) VALUES (8, 8, 8, N'Oda Servisi', 1, N'Misafirlere yiyecek-içecek servisi.', CAST(200.00 AS Decimal(5, 2)), N'Servis', N'Gece servisi ücreti.', 20, CAST(N'2024-01-08T11:00:00.000' AS DateTime), CAST(N'2024-01-08T22:00:00.000' AS DateTime), CAST(N'2024-01-08T10:30:00.000' AS DateTime), CAST(N'2024-01-08T22:30:00.000' AS DateTime))
INSERT [dbo].[HIZMETLER] ([HIZMET_ID], [OTEL_ID], [CALISAN_ID], [HIZMET_ADI], [AKTIF_MI], [HIZMET_ACIKLAMA], [UCRET], [HIZMET_TURU], [HIZMETTE_EK_MASRAFLAR], [MAX_KAPASITE], [HIZMET_BASLANGIC], [HIZMET_BITIS], [OLUSTURULMA_TARIHI], [GUNCELLENME_TARIHI]) VALUES (9, 9, 9, N'Vale Hizmeti', 1, N'Araç park ve teslim hizmeti.', CAST(100.00 AS Decimal(5, 2)), N'Vale', N'Uzun süre park ücreti.', 30, CAST(N'2024-01-09T08:00:00.000' AS DateTime), CAST(N'2024-01-09T18:00:00.000' AS DateTime), CAST(N'2024-01-09T07:45:00.000' AS DateTime), CAST(N'2024-01-09T18:30:00.000' AS DateTime))
INSERT [dbo].[HIZMETLER] ([HIZMET_ID], [OTEL_ID], [CALISAN_ID], [HIZMET_ADI], [AKTIF_MI], [HIZMET_ACIKLAMA], [UCRET], [HIZMET_TURU], [HIZMETTE_EK_MASRAFLAR], [MAX_KAPASITE], [HIZMET_BASLANGIC], [HIZMET_BITIS], [OLUSTURULMA_TARIHI], [GUNCELLENME_TARIHI]) VALUES (10, 10, 10, N'Transfer Hizmeti', 1, N'Havaalanı transfer hizmeti.', CAST(500.00 AS Decimal(5, 2)), N'Transfer', N'Gece transfer ücreti.', 10, CAST(N'2024-01-10T05:00:00.000' AS DateTime), CAST(N'2024-01-10T23:00:00.000' AS DateTime), CAST(N'2024-01-10T04:30:00.000' AS DateTime), CAST(N'2024-01-10T23:30:00.000' AS DateTime))
INSERT [dbo].[HIZMETLER] ([HIZMET_ID], [OTEL_ID], [CALISAN_ID], [HIZMET_ADI], [AKTIF_MI], [HIZMET_ACIKLAMA], [UCRET], [HIZMET_TURU], [HIZMETTE_EK_MASRAFLAR], [MAX_KAPASITE], [HIZMET_BASLANGIC], [HIZMET_BITIS], [OLUSTURULMA_TARIHI], [GUNCELLENME_TARIHI]) VALUES (11, 11, 11, N'Spa Hizmeti', 1, N'Misafirler için spa hizmetleri.', CAST(600.00 AS Decimal(5, 2)), N'Spa', N'Ekstra masaj ücreti.', 20, CAST(N'2024-01-11T09:00:00.000' AS DateTime), CAST(N'2024-01-11T18:00:00.000' AS DateTime), CAST(N'2024-01-11T08:30:00.000' AS DateTime), CAST(N'2024-01-11T18:30:00.000' AS DateTime))
INSERT [dbo].[HIZMETLER] ([HIZMET_ID], [OTEL_ID], [CALISAN_ID], [HIZMET_ADI], [AKTIF_MI], [HIZMET_ACIKLAMA], [UCRET], [HIZMET_TURU], [HIZMETTE_EK_MASRAFLAR], [MAX_KAPASITE], [HIZMET_BASLANGIC], [HIZMET_BITIS], [OLUSTURULMA_TARIHI], [GUNCELLENME_TARIHI]) VALUES (12, 12, 12, N'Masaj Hizmeti', 1, N'Kişiye özel masaj hizmeti.', CAST(700.00 AS Decimal(5, 2)), N'Spa', N'Ekstra yağ ücreti.', 15, CAST(N'2024-01-12T10:00:00.000' AS DateTime), CAST(N'2024-01-12T20:00:00.000' AS DateTime), CAST(N'2024-01-12T09:45:00.000' AS DateTime), CAST(N'2024-01-12T20:30:00.000' AS DateTime))
INSERT [dbo].[HIZMETLER] ([HIZMET_ID], [OTEL_ID], [CALISAN_ID], [HIZMET_ADI], [AKTIF_MI], [HIZMET_ACIKLAMA], [UCRET], [HIZMET_TURU], [HIZMETTE_EK_MASRAFLAR], [MAX_KAPASITE], [HIZMET_BASLANGIC], [HIZMET_BITIS], [OLUSTURULMA_TARIHI], [GUNCELLENME_TARIHI]) VALUES (13, 13, 13, N'Temizlik Gözetimi', 1, N'Genel alanların temizliği.', CAST(400.00 AS Decimal(5, 2)), N'Temizlik', N'Ekstra işçilik ücreti.', 5, CAST(N'2024-01-13T07:00:00.000' AS DateTime), CAST(N'2024-01-13T11:00:00.000' AS DateTime), CAST(N'2024-01-13T06:30:00.000' AS DateTime), CAST(N'2024-01-13T12:00:00.000' AS DateTime))
INSERT [dbo].[HIZMETLER] ([HIZMET_ID], [OTEL_ID], [CALISAN_ID], [HIZMET_ADI], [AKTIF_MI], [HIZMET_ACIKLAMA], [UCRET], [HIZMET_TURU], [HIZMETTE_EK_MASRAFLAR], [MAX_KAPASITE], [HIZMET_BASLANGIC], [HIZMET_BITIS], [OLUSTURULMA_TARIHI], [GUNCELLENME_TARIHI]) VALUES (14, 14, 14, N'Buhar Banyosu', 1, N'Spa alanında buhar banyosu.', CAST(300.00 AS Decimal(5, 2)), N'Spa', N'Ekstra havlu ücreti.', 10, CAST(N'2024-01-14T10:00:00.000' AS DateTime), CAST(N'2024-01-14T15:00:00.000' AS DateTime), CAST(N'2024-01-14T09:30:00.000' AS DateTime), CAST(N'2024-01-14T15:30:00.000' AS DateTime))
INSERT [dbo].[HIZMETLER] ([HIZMET_ID], [OTEL_ID], [CALISAN_ID], [HIZMET_ADI], [AKTIF_MI], [HIZMET_ACIKLAMA], [UCRET], [HIZMET_TURU], [HIZMETTE_EK_MASRAFLAR], [MAX_KAPASITE], [HIZMET_BASLANGIC], [HIZMET_BITIS], [OLUSTURULMA_TARIHI], [GUNCELLENME_TARIHI]) VALUES (15, 15, 15, N'Gece Güvenlik Devriyesi', 1, N'Otelde gece güvenlik devriyesi.', CAST(150.00 AS Decimal(5, 2)), N'Güvenlik', N'Ekstra personel ücreti.', 10, CAST(N'2024-01-15T00:00:00.000' AS DateTime), CAST(N'2024-01-15T06:00:00.000' AS DateTime), CAST(N'2024-01-15T00:00:00.000' AS DateTime), CAST(N'2024-01-15T06:30:00.000' AS DateTime))
INSERT [dbo].[HIZMETLER] ([HIZMET_ID], [OTEL_ID], [CALISAN_ID], [HIZMET_ADI], [AKTIF_MI], [HIZMET_ACIKLAMA], [UCRET], [HIZMET_TURU], [HIZMETTE_EK_MASRAFLAR], [MAX_KAPASITE], [HIZMET_BASLANGIC], [HIZMET_BITIS], [OLUSTURULMA_TARIHI], [GUNCELLENME_TARIHI]) VALUES (16, 16, 16, N'Müşteri Danışmanlığı', 1, N'Misafirlere danışmanlık hizmeti.', CAST(300.00 AS Decimal(5, 2)), N'Danışmanlık', N'Uzun süre danışmanlık ücreti.', 20, CAST(N'2024-01-16T09:00:00.000' AS DateTime), CAST(N'2024-01-16T18:00:00.000' AS DateTime), CAST(N'2024-01-16T08:45:00.000' AS DateTime), CAST(N'2024-01-16T18:30:00.000' AS DateTime))
INSERT [dbo].[HIZMETLER] ([HIZMET_ID], [OTEL_ID], [CALISAN_ID], [HIZMET_ADI], [AKTIF_MI], [HIZMET_ACIKLAMA], [UCRET], [HIZMET_TURU], [HIZMETTE_EK_MASRAFLAR], [MAX_KAPASITE], [HIZMET_BASLANGIC], [HIZMET_BITIS], [OLUSTURULMA_TARIHI], [GUNCELLENME_TARIHI]) VALUES (17, 17, 17, N'Teknik Gözetim', 1, N'Teknik alanların denetlenmesi.', CAST(200.00 AS Decimal(5, 2)), N'Teknik', N'Ekstra malzeme ücreti.', 5, CAST(N'2024-01-17T07:00:00.000' AS DateTime), CAST(N'2024-01-17T10:00:00.000' AS DateTime), CAST(N'2024-01-17T06:30:00.000' AS DateTime), CAST(N'2024-01-17T10:30:00.000' AS DateTime))
INSERT [dbo].[HIZMETLER] ([HIZMET_ID], [OTEL_ID], [CALISAN_ID], [HIZMET_ADI], [AKTIF_MI], [HIZMET_ACIKLAMA], [UCRET], [HIZMET_TURU], [HIZMETTE_EK_MASRAFLAR], [MAX_KAPASITE], [HIZMET_BASLANGIC], [HIZMET_BITIS], [OLUSTURULMA_TARIHI], [GUNCELLENME_TARIHI]) VALUES (18, 18, 18, N'Oda Hizmetleri', 1, N'Misafirlere özel oda hizmetleri.', CAST(250.00 AS Decimal(5, 2)), N'Servis', N'Ekstra oda temizliği ücreti.', 25, CAST(N'2024-01-18T12:00:00.000' AS DateTime), CAST(N'2024-01-18T15:00:00.000' AS DateTime), CAST(N'2024-01-18T11:30:00.000' AS DateTime), CAST(N'2024-01-18T15:30:00.000' AS DateTime))
INSERT [dbo].[HIZMETLER] ([HIZMET_ID], [OTEL_ID], [CALISAN_ID], [HIZMET_ADI], [AKTIF_MI], [HIZMET_ACIKLAMA], [UCRET], [HIZMET_TURU], [HIZMETTE_EK_MASRAFLAR], [MAX_KAPASITE], [HIZMET_BASLANGIC], [HIZMET_BITIS], [OLUSTURULMA_TARIHI], [GUNCELLENME_TARIHI]) VALUES (19, 19, 19, N'Vale Hizmeti', 1, N'Araba park ve geri teslim.', CAST(100.00 AS Decimal(5, 2)), N'Vale', N'Gece park ücreti.', 20, CAST(N'2024-01-19T08:00:00.000' AS DateTime), CAST(N'2024-01-19T20:00:00.000' AS DateTime), CAST(N'2024-01-19T07:30:00.000' AS DateTime), CAST(N'2024-01-19T20:30:00.000' AS DateTime))
INSERT [dbo].[HIZMETLER] ([HIZMET_ID], [OTEL_ID], [CALISAN_ID], [HIZMET_ADI], [AKTIF_MI], [HIZMET_ACIKLAMA], [UCRET], [HIZMET_TURU], [HIZMETTE_EK_MASRAFLAR], [MAX_KAPASITE], [HIZMET_BASLANGIC], [HIZMET_BITIS], [OLUSTURULMA_TARIHI], [GUNCELLENME_TARIHI]) VALUES (20, 20, 20, N'Transfer Hizmeti', 1, N'Misafir transfer hizmeti.', CAST(500.00 AS Decimal(5, 2)), N'Transfer', N'Ekstra bagaj ücreti.', 5, CAST(N'2024-01-20T05:00:00.000' AS DateTime), CAST(N'2024-01-20T22:00:00.000' AS DateTime), CAST(N'2024-01-20T04:30:00.000' AS DateTime), CAST(N'2024-01-20T22:30:00.000' AS DateTime))
GO
INSERT [dbo].[MUSTERILER] ([MUSTERI_ID], [MUSTERI_ADI], [MUSTERI_SOYADI], [TC_NO], [MUSTERI_E_POSTA], [MUSTERI_TEL_NO], [DOGUM_TARIHI], [CINSIYET], [CHECK_IN_TARIHI], [CIKIS_TARIHI], [ADRES_DETAY], [TOPLAM_HARCAMALAR], [OZEL_ISTEKLER], [MUSTERI_FOTO], [VIP_MI]) VALUES (1001, N'Ali', N'Yılmaz', N'12345678901', N'ali.yilmaz@gmail.com', N'05550000000', CAST(N'1985-01-01' AS Date), N'Erkek', CAST(N'2024-12-01T00:00:00.000' AS DateTime), CAST(N'2024-12-05T00:00:00.000' AS DateTime), N'Ankara, Türkiye', CAST(1500.00 AS Decimal(10, 2)), N'Yüksek kat talebi', NULL, 0)
INSERT [dbo].[MUSTERILER] ([MUSTERI_ID], [MUSTERI_ADI], [MUSTERI_SOYADI], [TC_NO], [MUSTERI_E_POSTA], [MUSTERI_TEL_NO], [DOGUM_TARIHI], [CINSIYET], [CHECK_IN_TARIHI], [CIKIS_TARIHI], [ADRES_DETAY], [TOPLAM_HARCAMALAR], [OZEL_ISTEKLER], [MUSTERI_FOTO], [VIP_MI]) VALUES (1002, N'Ayşe', N'Kaya', N'12345678902', N'ayse.kaya@gmail.com', N'05550000001', CAST(N'1990-02-02' AS Date), N'Kadın', CAST(N'2024-12-03T00:00:00.000' AS DateTime), CAST(N'2024-12-07T00:00:00.000' AS DateTime), N'İstanbul, Türkiye', CAST(2500.50 AS Decimal(10, 2)), N'Oda süslemesi', NULL, 1)
INSERT [dbo].[MUSTERILER] ([MUSTERI_ID], [MUSTERI_ADI], [MUSTERI_SOYADI], [TC_NO], [MUSTERI_E_POSTA], [MUSTERI_TEL_NO], [DOGUM_TARIHI], [CINSIYET], [CHECK_IN_TARIHI], [CIKIS_TARIHI], [ADRES_DETAY], [TOPLAM_HARCAMALAR], [OZEL_ISTEKLER], [MUSTERI_FOTO], [VIP_MI]) VALUES (1003, N'Mehmet', N'Çelik', N'12345678903', N'mehmet.celik@gmail.com', N'05550000002', CAST(N'1982-03-03' AS Date), N'Erkek', CAST(N'2024-12-05T00:00:00.000' AS DateTime), CAST(N'2024-12-08T00:00:00.000' AS DateTime), N'İzmir, Türkiye', CAST(1250.75 AS Decimal(10, 2)), N'Erken giriş talebi', NULL, 0)
INSERT [dbo].[MUSTERILER] ([MUSTERI_ID], [MUSTERI_ADI], [MUSTERI_SOYADI], [TC_NO], [MUSTERI_E_POSTA], [MUSTERI_TEL_NO], [DOGUM_TARIHI], [CINSIYET], [CHECK_IN_TARIHI], [CIKIS_TARIHI], [ADRES_DETAY], [TOPLAM_HARCAMALAR], [OZEL_ISTEKLER], [MUSTERI_FOTO], [VIP_MI]) VALUES (1004, N'Fatma', N'Demir', N'12345678904', N'fatma.demir@gmail.com', N'05550000003', CAST(N'1995-04-04' AS Date), N'Kadın', CAST(N'2024-12-06T00:00:00.000' AS DateTime), CAST(N'2024-12-10T00:00:00.000' AS DateTime), N'Antalya, Türkiye', CAST(3100.00 AS Decimal(10, 2)), N'Ekstra yastık talebi', NULL, 0)
INSERT [dbo].[MUSTERILER] ([MUSTERI_ID], [MUSTERI_ADI], [MUSTERI_SOYADI], [TC_NO], [MUSTERI_E_POSTA], [MUSTERI_TEL_NO], [DOGUM_TARIHI], [CINSIYET], [CHECK_IN_TARIHI], [CIKIS_TARIHI], [ADRES_DETAY], [TOPLAM_HARCAMALAR], [OZEL_ISTEKLER], [MUSTERI_FOTO], [VIP_MI]) VALUES (1005, N'Ahmet', N'Kurt', N'12345678905', N'ahmet.kurt@gmail.com', N'05550000004', CAST(N'1980-05-05' AS Date), N'Erkek', CAST(N'2024-12-08T00:00:00.000' AS DateTime), CAST(N'2024-12-11T00:00:00.000' AS DateTime), N'Bursa, Türkiye', CAST(2900.00 AS Decimal(10, 2)), NULL, NULL, 1)
INSERT [dbo].[MUSTERILER] ([MUSTERI_ID], [MUSTERI_ADI], [MUSTERI_SOYADI], [TC_NO], [MUSTERI_E_POSTA], [MUSTERI_TEL_NO], [DOGUM_TARIHI], [CINSIYET], [CHECK_IN_TARIHI], [CIKIS_TARIHI], [ADRES_DETAY], [TOPLAM_HARCAMALAR], [OZEL_ISTEKLER], [MUSTERI_FOTO], [VIP_MI]) VALUES (1006, N'Elif', N'Arslan', N'12345678906', N'elif.arslan@gmail.com', N'05550000005', CAST(N'1992-06-06' AS Date), N'Kadın', CAST(N'2024-12-10T00:00:00.000' AS DateTime), CAST(N'2024-12-13T00:00:00.000' AS DateTime), N'Ankara, Türkiye', CAST(1700.00 AS Decimal(10, 2)), N'Manzara talebi', NULL, 0)
INSERT [dbo].[MUSTERILER] ([MUSTERI_ID], [MUSTERI_ADI], [MUSTERI_SOYADI], [TC_NO], [MUSTERI_E_POSTA], [MUSTERI_TEL_NO], [DOGUM_TARIHI], [CINSIYET], [CHECK_IN_TARIHI], [CIKIS_TARIHI], [ADRES_DETAY], [TOPLAM_HARCAMALAR], [OZEL_ISTEKLER], [MUSTERI_FOTO], [VIP_MI]) VALUES (1007, N'Osman', N'Güneş', N'12345678907', N'osman.gunes@gmail.com', N'05550000006', CAST(N'1987-07-07' AS Date), N'Erkek', CAST(N'2024-12-11T00:00:00.000' AS DateTime), CAST(N'2024-12-15T00:00:00.000' AS DateTime), N'Trabzon, Türkiye', CAST(1350.00 AS Decimal(10, 2)), NULL, NULL, 0)
INSERT [dbo].[MUSTERILER] ([MUSTERI_ID], [MUSTERI_ADI], [MUSTERI_SOYADI], [TC_NO], [MUSTERI_E_POSTA], [MUSTERI_TEL_NO], [DOGUM_TARIHI], [CINSIYET], [CHECK_IN_TARIHI], [CIKIS_TARIHI], [ADRES_DETAY], [TOPLAM_HARCAMALAR], [OZEL_ISTEKLER], [MUSTERI_FOTO], [VIP_MI]) VALUES (1008, N'Zeynep', N'Şimşek', N'12345678908', N'zeynep.simsek@gmail.com', N'05550000007', CAST(N'1993-08-08' AS Date), N'Kadın', CAST(N'2024-12-12T00:00:00.000' AS DateTime), CAST(N'2024-12-16T00:00:00.000' AS DateTime), N'Adana, Türkiye', CAST(2000.00 AS Decimal(10, 2)), N'Sessiz oda talebi', NULL, 0)
INSERT [dbo].[MUSTERILER] ([MUSTERI_ID], [MUSTERI_ADI], [MUSTERI_SOYADI], [TC_NO], [MUSTERI_E_POSTA], [MUSTERI_TEL_NO], [DOGUM_TARIHI], [CINSIYET], [CHECK_IN_TARIHI], [CIKIS_TARIHI], [ADRES_DETAY], [TOPLAM_HARCAMALAR], [OZEL_ISTEKLER], [MUSTERI_FOTO], [VIP_MI]) VALUES (1009, N'Kemal', N'Aksoy', N'12345678909', N'kemal.aksoy@gmail.com', N'05550000008', CAST(N'1986-09-09' AS Date), N'Erkek', CAST(N'2024-12-13T00:00:00.000' AS DateTime), CAST(N'2024-12-17T00:00:00.000' AS DateTime), N'Samsun, Türkiye', CAST(3100.00 AS Decimal(10, 2)), N'Çift kişilik yatak talebi', NULL, 1)
INSERT [dbo].[MUSTERILER] ([MUSTERI_ID], [MUSTERI_ADI], [MUSTERI_SOYADI], [TC_NO], [MUSTERI_E_POSTA], [MUSTERI_TEL_NO], [DOGUM_TARIHI], [CINSIYET], [CHECK_IN_TARIHI], [CIKIS_TARIHI], [ADRES_DETAY], [TOPLAM_HARCAMALAR], [OZEL_ISTEKLER], [MUSTERI_FOTO], [VIP_MI]) VALUES (1010, N'Hülya', N'Acar', N'12345678910', N'hulya.acar@gmail.com', N'05550000009', CAST(N'1994-10-10' AS Date), N'Kadın', CAST(N'2024-12-14T00:00:00.000' AS DateTime), CAST(N'2024-12-18T00:00:00.000' AS DateTime), N'Gaziantep, Türkiye', CAST(2200.00 AS Decimal(10, 2)), NULL, NULL, 0)
INSERT [dbo].[MUSTERILER] ([MUSTERI_ID], [MUSTERI_ADI], [MUSTERI_SOYADI], [TC_NO], [MUSTERI_E_POSTA], [MUSTERI_TEL_NO], [DOGUM_TARIHI], [CINSIYET], [CHECK_IN_TARIHI], [CIKIS_TARIHI], [ADRES_DETAY], [TOPLAM_HARCAMALAR], [OZEL_ISTEKLER], [MUSTERI_FOTO], [VIP_MI]) VALUES (1011, N'Burak', N'Ekinci', N'12345678911', N'burak.ekinci@gmail.com', N'05550000010', CAST(N'1985-11-11' AS Date), N'Erkek', CAST(N'2024-12-15T00:00:00.000' AS DateTime), CAST(N'2024-12-19T00:00:00.000' AS DateTime), N'Van, Türkiye', CAST(2700.00 AS Decimal(10, 2)), N'Bebek yatağı talebi', NULL, 1)
INSERT [dbo].[MUSTERILER] ([MUSTERI_ID], [MUSTERI_ADI], [MUSTERI_SOYADI], [TC_NO], [MUSTERI_E_POSTA], [MUSTERI_TEL_NO], [DOGUM_TARIHI], [CINSIYET], [CHECK_IN_TARIHI], [CIKIS_TARIHI], [ADRES_DETAY], [TOPLAM_HARCAMALAR], [OZEL_ISTEKLER], [MUSTERI_FOTO], [VIP_MI]) VALUES (1012, N'Aysel', N'Yıldırım', N'12345678912', N'aysel.yildirim@gmail.com', N'05550000011', CAST(N'1991-12-12' AS Date), N'Kadın', CAST(N'2024-12-16T00:00:00.000' AS DateTime), CAST(N'2024-12-20T00:00:00.000' AS DateTime), N'Denizli, Türkiye', CAST(1950.00 AS Decimal(10, 2)), NULL, NULL, 0)
INSERT [dbo].[MUSTERILER] ([MUSTERI_ID], [MUSTERI_ADI], [MUSTERI_SOYADI], [TC_NO], [MUSTERI_E_POSTA], [MUSTERI_TEL_NO], [DOGUM_TARIHI], [CINSIYET], [CHECK_IN_TARIHI], [CIKIS_TARIHI], [ADRES_DETAY], [TOPLAM_HARCAMALAR], [OZEL_ISTEKLER], [MUSTERI_FOTO], [VIP_MI]) VALUES (1013, N'Tuncay', N'Gündüz', N'12345678913', N'tuncay.gunduz@gmail.com', N'05550000012', CAST(N'1988-01-13' AS Date), N'Erkek', CAST(N'2024-12-17T00:00:00.000' AS DateTime), CAST(N'2024-12-21T00:00:00.000' AS DateTime), N'Mersin, Türkiye', CAST(2400.00 AS Decimal(10, 2)), N'Ekstra havlu talebi', NULL, 0)
INSERT [dbo].[MUSTERILER] ([MUSTERI_ID], [MUSTERI_ADI], [MUSTERI_SOYADI], [TC_NO], [MUSTERI_E_POSTA], [MUSTERI_TEL_NO], [DOGUM_TARIHI], [CINSIYET], [CHECK_IN_TARIHI], [CIKIS_TARIHI], [ADRES_DETAY], [TOPLAM_HARCAMALAR], [OZEL_ISTEKLER], [MUSTERI_FOTO], [VIP_MI]) VALUES (1014, N'Gül', N'Öztürk', N'12345678914', N'gul.ozturk@gmail.com', N'05550000013', CAST(N'1997-02-14' AS Date), N'Kadın', CAST(N'2024-12-18T00:00:00.000' AS DateTime), CAST(N'2024-12-22T00:00:00.000' AS DateTime), N'Kayseri, Türkiye', CAST(1500.00 AS Decimal(10, 2)), N'Yüksek kat talebi', NULL, 1)
INSERT [dbo].[MUSTERILER] ([MUSTERI_ID], [MUSTERI_ADI], [MUSTERI_SOYADI], [TC_NO], [MUSTERI_E_POSTA], [MUSTERI_TEL_NO], [DOGUM_TARIHI], [CINSIYET], [CHECK_IN_TARIHI], [CIKIS_TARIHI], [ADRES_DETAY], [TOPLAM_HARCAMALAR], [OZEL_ISTEKLER], [MUSTERI_FOTO], [VIP_MI]) VALUES (1015, N'Efe', N'Kılıç', N'12345678915', N'efe.kilic@gmail.com', N'05550000014', CAST(N'1983-03-15' AS Date), N'Erkek', CAST(N'2024-12-19T00:00:00.000' AS DateTime), CAST(N'2024-12-23T00:00:00.000' AS DateTime), N'Eskişehir, Türkiye', CAST(2800.00 AS Decimal(10, 2)), NULL, NULL, 0)
INSERT [dbo].[MUSTERILER] ([MUSTERI_ID], [MUSTERI_ADI], [MUSTERI_SOYADI], [TC_NO], [MUSTERI_E_POSTA], [MUSTERI_TEL_NO], [DOGUM_TARIHI], [CINSIYET], [CHECK_IN_TARIHI], [CIKIS_TARIHI], [ADRES_DETAY], [TOPLAM_HARCAMALAR], [OZEL_ISTEKLER], [MUSTERI_FOTO], [VIP_MI]) VALUES (1016, N'Aslı', N'Çoban', N'12345678916', N'asli.coban@gmail.com', N'05550000015', CAST(N'1990-04-16' AS Date), N'Kadın', CAST(N'2024-12-20T00:00:00.000' AS DateTime), CAST(N'2024-12-24T00:00:00.000' AS DateTime), N'Edirne, Türkiye', CAST(1200.00 AS Decimal(10, 2)), N'Sakin oda talebi', NULL, 0)
INSERT [dbo].[MUSTERILER] ([MUSTERI_ID], [MUSTERI_ADI], [MUSTERI_SOYADI], [TC_NO], [MUSTERI_E_POSTA], [MUSTERI_TEL_NO], [DOGUM_TARIHI], [CINSIYET], [CHECK_IN_TARIHI], [CIKIS_TARIHI], [ADRES_DETAY], [TOPLAM_HARCAMALAR], [OZEL_ISTEKLER], [MUSTERI_FOTO], [VIP_MI]) VALUES (1017, N'Halil', N'Eren', N'12345678917', N'halil.eren@gmail.com', N'05550000016', CAST(N'1987-05-17' AS Date), N'Erkek', CAST(N'2024-12-21T00:00:00.000' AS DateTime), CAST(N'2024-12-25T00:00:00.000' AS DateTime), N'Kocaeli, Türkiye', CAST(1950.00 AS Decimal(10, 2)), NULL, NULL, 0)
INSERT [dbo].[MUSTERILER] ([MUSTERI_ID], [MUSTERI_ADI], [MUSTERI_SOYADI], [TC_NO], [MUSTERI_E_POSTA], [MUSTERI_TEL_NO], [DOGUM_TARIHI], [CINSIYET], [CHECK_IN_TARIHI], [CIKIS_TARIHI], [ADRES_DETAY], [TOPLAM_HARCAMALAR], [OZEL_ISTEKLER], [MUSTERI_FOTO], [VIP_MI]) VALUES (1018, N'Nazlı', N'Kara', N'12345678918', N'nazli.kara@gmail.com', N'05550000017', CAST(N'1996-06-18' AS Date), N'Kadın', CAST(N'2024-12-22T00:00:00.000' AS DateTime), CAST(N'2024-12-26T00:00:00.000' AS DateTime), N'Sakarya, Türkiye', CAST(2100.00 AS Decimal(10, 2)), N'Havaalanı transferi', NULL, 1)
INSERT [dbo].[MUSTERILER] ([MUSTERI_ID], [MUSTERI_ADI], [MUSTERI_SOYADI], [TC_NO], [MUSTERI_E_POSTA], [MUSTERI_TEL_NO], [DOGUM_TARIHI], [CINSIYET], [CHECK_IN_TARIHI], [CIKIS_TARIHI], [ADRES_DETAY], [TOPLAM_HARCAMALAR], [OZEL_ISTEKLER], [MUSTERI_FOTO], [VIP_MI]) VALUES (1019, N'Onur', N'Şahin', N'12345678919', N'onur.sahin@gmail.com', N'05550000018', CAST(N'1989-07-19' AS Date), N'Erkek', CAST(N'2024-12-23T00:00:00.000' AS DateTime), CAST(N'2024-12-27T00:00:00.000' AS DateTime), N'Bolu, Türkiye', CAST(2500.00 AS Decimal(10, 2)), NULL, NULL, 0)
INSERT [dbo].[MUSTERILER] ([MUSTERI_ID], [MUSTERI_ADI], [MUSTERI_SOYADI], [TC_NO], [MUSTERI_E_POSTA], [MUSTERI_TEL_NO], [DOGUM_TARIHI], [CINSIYET], [CHECK_IN_TARIHI], [CIKIS_TARIHI], [ADRES_DETAY], [TOPLAM_HARCAMALAR], [OZEL_ISTEKLER], [MUSTERI_FOTO], [VIP_MI]) VALUES (1020, N'Leyla', N'Bulut', N'12345678920', N'leyla.bulut@gmail.com', N'05550000019', CAST(N'1993-08-20' AS Date), N'Kadın', CAST(N'2024-12-24T00:00:00.000' AS DateTime), CAST(N'2024-12-28T00:00:00.000' AS DateTime), N'Aydın, Türkiye', CAST(1900.00 AS Decimal(10, 2)), N'VIP transfer', NULL, 1)
GO
INSERT [dbo].[ODALAR] ([ODA_ID], [OTEL_ID], [ODA_TIPI], [KAT_NO], [ODA_NO], [KAC_KISILIK], [YATAK_DURUMU], [YATAK_SAYISI], [ODA_FIYAT_BILGISI], [DOLULUK_DURUMU], [ODA_MANZARA_CESIT], [ODA_ILE_ILGILI_ACIKLAMA], [INTERNET], [KLIMA], [MINI_BAR], [TV], [KASA], [BALKON], [TEMIZLIK_DURUMU], [ODA_CHECK_IN], [ODA_CIKIS]) VALUES (1, 1, N'SİNGLE ODA', 1, N'100', 1, N'TEK KİŞİLİK YATAK', 1, CAST(15000.00 AS Decimal(10, 2)), N'DOLU', N'DENİZ MANZARALI', N'', 1, 1, 0, 1, 1, 1, N'TEMİZ', CAST(N'2024-12-13T00:00:00.000' AS DateTime), CAST(N'2024-12-15T00:00:00.000' AS DateTime))
INSERT [dbo].[ODALAR] ([ODA_ID], [OTEL_ID], [ODA_TIPI], [KAT_NO], [ODA_NO], [KAC_KISILIK], [YATAK_DURUMU], [YATAK_SAYISI], [ODA_FIYAT_BILGISI], [DOLULUK_DURUMU], [ODA_MANZARA_CESIT], [ODA_ILE_ILGILI_ACIKLAMA], [INTERNET], [KLIMA], [MINI_BAR], [TV], [KASA], [BALKON], [TEMIZLIK_DURUMU], [ODA_CHECK_IN], [ODA_CIKIS]) VALUES (2, 2, N'SİNGLE ODA', 1, N'101', 1, N'TEK KİŞİLİK YATAK', 1, CAST(15000.00 AS Decimal(10, 2)), N'DOLU', N'DENİZ MANZARALI', N'', 1, 1, 0, 1, 1, 1, N'TEMİZ', CAST(N'2024-12-13T15:45:00.000' AS DateTime), CAST(N'2024-12-16T12:00:00.000' AS DateTime))
INSERT [dbo].[ODALAR] ([ODA_ID], [OTEL_ID], [ODA_TIPI], [KAT_NO], [ODA_NO], [KAC_KISILIK], [YATAK_DURUMU], [YATAK_SAYISI], [ODA_FIYAT_BILGISI], [DOLULUK_DURUMU], [ODA_MANZARA_CESIT], [ODA_ILE_ILGILI_ACIKLAMA], [INTERNET], [KLIMA], [MINI_BAR], [TV], [KASA], [BALKON], [TEMIZLIK_DURUMU], [ODA_CHECK_IN], [ODA_CIKIS]) VALUES (3, 3, N'SİNGLE ODA', 1, N'102', 1, N'TEK KİŞİLİK YATAK', 1, CAST(15000.00 AS Decimal(10, 2)), N'BOŞ', N'DENİZ MANZARALI', NULL, 1, 1, 0, 1, 1, 1, N'TEMİZLENMEDİ', NULL, NULL)
INSERT [dbo].[ODALAR] ([ODA_ID], [OTEL_ID], [ODA_TIPI], [KAT_NO], [ODA_NO], [KAC_KISILIK], [YATAK_DURUMU], [YATAK_SAYISI], [ODA_FIYAT_BILGISI], [DOLULUK_DURUMU], [ODA_MANZARA_CESIT], [ODA_ILE_ILGILI_ACIKLAMA], [INTERNET], [KLIMA], [MINI_BAR], [TV], [KASA], [BALKON], [TEMIZLIK_DURUMU], [ODA_CHECK_IN], [ODA_CIKIS]) VALUES (4, 4, N'STANDART ODA', 2, N'103', 2, N'ÇİFT KİŞİLİK YATAK', 1, CAST(25000.00 AS Decimal(10, 2)), N'BOŞ', N'HAVUZ MANZARALI', N'1 ADET KOLTUK MEVCUTTUR', 1, 1, 0, 1, 1, 0, N'TEMİZ', NULL, NULL)
INSERT [dbo].[ODALAR] ([ODA_ID], [OTEL_ID], [ODA_TIPI], [KAT_NO], [ODA_NO], [KAC_KISILIK], [YATAK_DURUMU], [YATAK_SAYISI], [ODA_FIYAT_BILGISI], [DOLULUK_DURUMU], [ODA_MANZARA_CESIT], [ODA_ILE_ILGILI_ACIKLAMA], [INTERNET], [KLIMA], [MINI_BAR], [TV], [KASA], [BALKON], [TEMIZLIK_DURUMU], [ODA_CHECK_IN], [ODA_CIKIS]) VALUES (5, 5, N'STANDART ODA', 2, N'104', 2, N'ÇİFT KİŞİLİK YATAK', 1, CAST(25000.00 AS Decimal(10, 2)), N'BOŞ', N'MANZARASIZ', N'1 ADET KOLTUK MEVCUTTUR', 1, 1, 0, 1, 0, 1, N'TEMİZ', NULL, NULL)
INSERT [dbo].[ODALAR] ([ODA_ID], [OTEL_ID], [ODA_TIPI], [KAT_NO], [ODA_NO], [KAC_KISILIK], [YATAK_DURUMU], [YATAK_SAYISI], [ODA_FIYAT_BILGISI], [DOLULUK_DURUMU], [ODA_MANZARA_CESIT], [ODA_ILE_ILGILI_ACIKLAMA], [INTERNET], [KLIMA], [MINI_BAR], [TV], [KASA], [BALKON], [TEMIZLIK_DURUMU], [ODA_CHECK_IN], [ODA_CIKIS]) VALUES (6, 6, N'STANDART ODA', 2, N'105', 2, N'ÇİFT KİŞİLİK YATAK', 1, CAST(25000.00 AS Decimal(10, 2)), N'BOŞ', N'MANZARASIZ', N'1 ADET KOLTUK MEVCUTTUR', 1, 1, 1, 1, 0, 0, N'TEMİZ', NULL, NULL)
INSERT [dbo].[ODALAR] ([ODA_ID], [OTEL_ID], [ODA_TIPI], [KAT_NO], [ODA_NO], [KAC_KISILIK], [YATAK_DURUMU], [YATAK_SAYISI], [ODA_FIYAT_BILGISI], [DOLULUK_DURUMU], [ODA_MANZARA_CESIT], [ODA_ILE_ILGILI_ACIKLAMA], [INTERNET], [KLIMA], [MINI_BAR], [TV], [KASA], [BALKON], [TEMIZLIK_DURUMU], [ODA_CHECK_IN], [ODA_CIKIS]) VALUES (7, 7, N'STANDART ODA', 3, N'106', 2, N'ÇİFT KİŞİLİK YATAK', 1, CAST(25000.00 AS Decimal(10, 2)), N'DOLU', N'DENİZ MANZARALI', N'1 ADET KOLTURK MEVCUTTUR', 1, 1, 0, 1, 0, 0, N'TEMİZ', CAST(N'2024-12-13T15:00:00.000' AS DateTime), CAST(N'2024-12-19T11:00:00.000' AS DateTime))
INSERT [dbo].[ODALAR] ([ODA_ID], [OTEL_ID], [ODA_TIPI], [KAT_NO], [ODA_NO], [KAC_KISILIK], [YATAK_DURUMU], [YATAK_SAYISI], [ODA_FIYAT_BILGISI], [DOLULUK_DURUMU], [ODA_MANZARA_CESIT], [ODA_ILE_ILGILI_ACIKLAMA], [INTERNET], [KLIMA], [MINI_BAR], [TV], [KASA], [BALKON], [TEMIZLIK_DURUMU], [ODA_CHECK_IN], [ODA_CIKIS]) VALUES (8, 8, N'STANDART ODA', 2, N'107', 2, N'ÇİFT KİŞİLİK YATAK ', 1, CAST(25000.00 AS Decimal(10, 2)), N'DOLU', N'HAVUZ MANZARALI', N'1 ADET KOLTUK MEVCUTTUR', 1, 1, 0, 1, 0, 1, N'TEMİZ', CAST(N'2024-12-13T16:45:00.000' AS DateTime), CAST(N'2024-12-13T11:00:00.000' AS DateTime))
INSERT [dbo].[ODALAR] ([ODA_ID], [OTEL_ID], [ODA_TIPI], [KAT_NO], [ODA_NO], [KAC_KISILIK], [YATAK_DURUMU], [YATAK_SAYISI], [ODA_FIYAT_BILGISI], [DOLULUK_DURUMU], [ODA_MANZARA_CESIT], [ODA_ILE_ILGILI_ACIKLAMA], [INTERNET], [KLIMA], [MINI_BAR], [TV], [KASA], [BALKON], [TEMIZLIK_DURUMU], [ODA_CHECK_IN], [ODA_CIKIS]) VALUES (9, 9, N'SİNGLE ODA', 5, N'108', 1, N'TEK KİŞİLİK YATAK', 1, CAST(15000.00 AS Decimal(10, 2)), N'BOŞ', N'MANZARASIZ', N'1 ADET KOLTUK MEVCUTTUR', 1, 1, 1, 1, 0, 1, N'TEMİZ', NULL, NULL)
INSERT [dbo].[ODALAR] ([ODA_ID], [OTEL_ID], [ODA_TIPI], [KAT_NO], [ODA_NO], [KAC_KISILIK], [YATAK_DURUMU], [YATAK_SAYISI], [ODA_FIYAT_BILGISI], [DOLULUK_DURUMU], [ODA_MANZARA_CESIT], [ODA_ILE_ILGILI_ACIKLAMA], [INTERNET], [KLIMA], [MINI_BAR], [TV], [KASA], [BALKON], [TEMIZLIK_DURUMU], [ODA_CHECK_IN], [ODA_CIKIS]) VALUES (10, 10, N'DELUXE ODA', 5, N'109', 3, N'BİR TEK BİR DE ÇİFT KİŞİLİK', 2, CAST(35000.00 AS Decimal(10, 2)), N'DOLU', N'HAVUZ MANZARALI', N'', 1, 1, 1, 1, 1, 0, N'TEMİZ', CAST(N'2024-12-13T12:45:00.000' AS DateTime), CAST(N'2024-12-15T12:00:00.000' AS DateTime))
INSERT [dbo].[ODALAR] ([ODA_ID], [OTEL_ID], [ODA_TIPI], [KAT_NO], [ODA_NO], [KAC_KISILIK], [YATAK_DURUMU], [YATAK_SAYISI], [ODA_FIYAT_BILGISI], [DOLULUK_DURUMU], [ODA_MANZARA_CESIT], [ODA_ILE_ILGILI_ACIKLAMA], [INTERNET], [KLIMA], [MINI_BAR], [TV], [KASA], [BALKON], [TEMIZLIK_DURUMU], [ODA_CHECK_IN], [ODA_CIKIS]) VALUES (11, 11, N'VİP ODA', 6, N'110', 8, N'ÜÇ ÇİFT 2 TEK KİŞİLİK ODA', 5, CAST(110000.00 AS Decimal(10, 2)), N'DOLU', N'DENİZ MANZARALI', N'ÖZEL TERASI VE TERAS HAVUZU BULUNMAKTADIR.BANYO KISMINDA HAMAM BULUNMAKTADIR.', 1, 1, 1, 1, 1, 0, N'TEMİZ', CAST(N'2024-11-11T12:00:00.000' AS DateTime), CAST(N'2024-12-18T13:45:00.000' AS DateTime))
INSERT [dbo].[ODALAR] ([ODA_ID], [OTEL_ID], [ODA_TIPI], [KAT_NO], [ODA_NO], [KAC_KISILIK], [YATAK_DURUMU], [YATAK_SAYISI], [ODA_FIYAT_BILGISI], [DOLULUK_DURUMU], [ODA_MANZARA_CESIT], [ODA_ILE_ILGILI_ACIKLAMA], [INTERNET], [KLIMA], [MINI_BAR], [TV], [KASA], [BALKON], [TEMIZLIK_DURUMU], [ODA_CHECK_IN], [ODA_CIKIS]) VALUES (12, 12, N'VİP ODA', 6, N'111', 8, N'ÜÇ ÇİFT İKİ  TEK KİŞİLİK', 5, CAST(110000.00 AS Decimal(10, 2)), N'BOŞ', N'MANZARASIZ', N'ÖZEL TERASI BULUNMAKTADIR.BANYO ALANINDA JAKUZİSİ BULUNMAKTADIR', 1, 1, 1, 1, 1, 1, N'TEMİZ', NULL, NULL)
INSERT [dbo].[ODALAR] ([ODA_ID], [OTEL_ID], [ODA_TIPI], [KAT_NO], [ODA_NO], [KAC_KISILIK], [YATAK_DURUMU], [YATAK_SAYISI], [ODA_FIYAT_BILGISI], [DOLULUK_DURUMU], [ODA_MANZARA_CESIT], [ODA_ILE_ILGILI_ACIKLAMA], [INTERNET], [KLIMA], [MINI_BAR], [TV], [KASA], [BALKON], [TEMIZLIK_DURUMU], [ODA_CHECK_IN], [ODA_CIKIS]) VALUES (13, 13, N'DELUXE ODA', 4, N'112', 3, N'BİR TEK BİR ÇİFT KİŞİLİK', 2, CAST(35000.00 AS Decimal(10, 2)), N'DOLU', N'HAVUZ MANZARALI', NULL, 1, 1, 1, 1, 1, 0, N'TEMİZ', CAST(N'2024-12-13T16:45:00.000' AS DateTime), CAST(N'2024-12-16T12:00:00.000' AS DateTime))
INSERT [dbo].[ODALAR] ([ODA_ID], [OTEL_ID], [ODA_TIPI], [KAT_NO], [ODA_NO], [KAC_KISILIK], [YATAK_DURUMU], [YATAK_SAYISI], [ODA_FIYAT_BILGISI], [DOLULUK_DURUMU], [ODA_MANZARA_CESIT], [ODA_ILE_ILGILI_ACIKLAMA], [INTERNET], [KLIMA], [MINI_BAR], [TV], [KASA], [BALKON], [TEMIZLIK_DURUMU], [ODA_CHECK_IN], [ODA_CIKIS]) VALUES (14, 14, N'DELUXE ODA', 4, N'113', 3, N'BİR TEK BİR DE ÇİFT KİŞİLİK ', 2, CAST(35000.00 AS Decimal(10, 2)), N'BOŞ', N'HAVUZ MANZARALI', N'', 1, 1, 1, 1, 1, 1, N'TEMİZ', NULL, NULL)
INSERT [dbo].[ODALAR] ([ODA_ID], [OTEL_ID], [ODA_TIPI], [KAT_NO], [ODA_NO], [KAC_KISILIK], [YATAK_DURUMU], [YATAK_SAYISI], [ODA_FIYAT_BILGISI], [DOLULUK_DURUMU], [ODA_MANZARA_CESIT], [ODA_ILE_ILGILI_ACIKLAMA], [INTERNET], [KLIMA], [MINI_BAR], [TV], [KASA], [BALKON], [TEMIZLIK_DURUMU], [ODA_CHECK_IN], [ODA_CIKIS]) VALUES (15, 15, N'SUİT ODA', 4, N'114', 4, N'İKİ ADET ÇİFT KİŞİLİK', 2, CAST(45000.00 AS Decimal(10, 2)), N'BOŞ', N'DENİZ MANZARALI', N'1 ADET KOLTUK MEVCUTTUR', 1, 1, 1, 1, 1, 1, N'TEMİZ', NULL, NULL)
INSERT [dbo].[ODALAR] ([ODA_ID], [OTEL_ID], [ODA_TIPI], [KAT_NO], [ODA_NO], [KAC_KISILIK], [YATAK_DURUMU], [YATAK_SAYISI], [ODA_FIYAT_BILGISI], [DOLULUK_DURUMU], [ODA_MANZARA_CESIT], [ODA_ILE_ILGILI_ACIKLAMA], [INTERNET], [KLIMA], [MINI_BAR], [TV], [KASA], [BALKON], [TEMIZLIK_DURUMU], [ODA_CHECK_IN], [ODA_CIKIS]) VALUES (16, 16, N'SUİT ODA', 4, N'115', 4, N'İKİ ADET ÇİFT KİŞİLİK', 2, CAST(45000.00 AS Decimal(10, 2)), N'DOLU', N'DENİZ MANZARALI', N'1 ADET KOLTUK MEVCUTTUR', 1, 1, 1, 1, 1, 1, N'TEMİZ', CAST(N'2024-12-13T17:45:00.000' AS DateTime), CAST(N'2024-12-21T12:00:00.000' AS DateTime))
INSERT [dbo].[ODALAR] ([ODA_ID], [OTEL_ID], [ODA_TIPI], [KAT_NO], [ODA_NO], [KAC_KISILIK], [YATAK_DURUMU], [YATAK_SAYISI], [ODA_FIYAT_BILGISI], [DOLULUK_DURUMU], [ODA_MANZARA_CESIT], [ODA_ILE_ILGILI_ACIKLAMA], [INTERNET], [KLIMA], [MINI_BAR], [TV], [KASA], [BALKON], [TEMIZLIK_DURUMU], [ODA_CHECK_IN], [ODA_CIKIS]) VALUES (17, 17, N'AİLE ODA', 3, N'116', 6, N'İKİ ADET ÇİFT İKİ ADET TEK KİŞİLİK', 4, CAST(50000.00 AS Decimal(10, 2)), N'BOŞ', N'HAVUZ MANZARALI', N'1 ADET KOLTUK MEVCUTTUR', 1, 1, 1, 1, 0, 0, N'TEMİZ', NULL, NULL)
INSERT [dbo].[ODALAR] ([ODA_ID], [OTEL_ID], [ODA_TIPI], [KAT_NO], [ODA_NO], [KAC_KISILIK], [YATAK_DURUMU], [YATAK_SAYISI], [ODA_FIYAT_BILGISI], [DOLULUK_DURUMU], [ODA_MANZARA_CESIT], [ODA_ILE_ILGILI_ACIKLAMA], [INTERNET], [KLIMA], [MINI_BAR], [TV], [KASA], [BALKON], [TEMIZLIK_DURUMU], [ODA_CHECK_IN], [ODA_CIKIS]) VALUES (18, 18, N'AİLE ODA', 3, N'117', 6, N'İKİ TEK İKİ ÇİFT KİŞİLİK', 4, CAST(50000.00 AS Decimal(10, 2)), N'BOŞ', N'DENİZ MANZARALI', N'1 ADET KOLTUK MEVCUTTUR', 1, 1, 0, 1, 1, 0, N'TEMİZ', NULL, NULL)
INSERT [dbo].[ODALAR] ([ODA_ID], [OTEL_ID], [ODA_TIPI], [KAT_NO], [ODA_NO], [KAC_KISILIK], [YATAK_DURUMU], [YATAK_SAYISI], [ODA_FIYAT_BILGISI], [DOLULUK_DURUMU], [ODA_MANZARA_CESIT], [ODA_ILE_ILGILI_ACIKLAMA], [INTERNET], [KLIMA], [MINI_BAR], [TV], [KASA], [BALKON], [TEMIZLIK_DURUMU], [ODA_CHECK_IN], [ODA_CIKIS]) VALUES (19, 19, N'SİNGLE ODA', 4, N'118', 1, N'TEK KİŞİLİK', 1, CAST(15000.00 AS Decimal(10, 2)), N'BOŞ', N'MANZARASIZ', N'', 1, 1, 1, 1, 0, 1, N'TEMİZ', NULL, NULL)
INSERT [dbo].[ODALAR] ([ODA_ID], [OTEL_ID], [ODA_TIPI], [KAT_NO], [ODA_NO], [KAC_KISILIK], [YATAK_DURUMU], [YATAK_SAYISI], [ODA_FIYAT_BILGISI], [DOLULUK_DURUMU], [ODA_MANZARA_CESIT], [ODA_ILE_ILGILI_ACIKLAMA], [INTERNET], [KLIMA], [MINI_BAR], [TV], [KASA], [BALKON], [TEMIZLIK_DURUMU], [ODA_CHECK_IN], [ODA_CIKIS]) VALUES (20, 20, N'STANDART ODA', 2, N'119', 2, N'ÇİFT KİŞİLİK', 1, CAST(25000.00 AS Decimal(10, 2)), N'DOLU', N'HAVUZ MANZARALI', NULL, 1, 1, 1, 1, 1, 0, N'TEMİZ', CAST(N'2024-12-13T12:30:00.000' AS DateTime), CAST(N'2024-12-25T14:40:00.000' AS DateTime))
GO
INSERT [dbo].[OTEL_BILGI] ([OTEL_ID], [OTEL_ADI], [ADRES_BILGISI], [ULKE_ADI], [TEL_NO], [E_MAIL], [YILDIZ_SAYISI], [TOPLAM_ODA_SAYISI], [TOPLAM_KAPASITE], [WEB_SITESI], [OTEL_LOGO], [ACILIS_TARIHI], [KAYIT_OLUSTURULMA_TARIHI], [KAYIT_GUNCELLENME_TARIHI], [NOTLAR], [DOSYA_EKLERI]) VALUES (1, N'Ramada Hotel', N'Kadıköy, İstanbul', N'Türkiye', N'02160000000', N'ramadahotel@gmail.com', 5, 60, 180, N'<xml>www.ramadahotel.com</xml>', NULL, CAST(N'2010-05-15' AS Date), CAST(N'2024-12-19T10:00:00.000' AS DateTime), CAST(N'2024-12-19T12:00:00.000' AS DateTime), N'Deniz kenarında otel', NULL)
INSERT [dbo].[OTEL_BILGI] ([OTEL_ID], [OTEL_ADI], [ADRES_BILGISI], [ULKE_ADI], [TEL_NO], [E_MAIL], [YILDIZ_SAYISI], [TOPLAM_ODA_SAYISI], [TOPLAM_KAPASITE], [WEB_SITESI], [OTEL_LOGO], [ACILIS_TARIHI], [KAYIT_OLUSTURULMA_TARIHI], [KAYIT_GUNCELLENME_TARIHI], [NOTLAR], [DOSYA_EKLERI]) VALUES (2, N'Ramada Hotel', N'Kadıköy, İstanbul', N'Türkiye', N'02160000000', N'ramadahotel@gmail.com', 5, 60, 180, N'<xml>www.ramadahotel.com</xml>', NULL, CAST(N'2010-05-15' AS Date), CAST(N'2024-12-19T10:00:00.000' AS DateTime), CAST(N'2024-12-19T12:00:00.000' AS DateTime), N'Deniz kenarında otel', NULL)
INSERT [dbo].[OTEL_BILGI] ([OTEL_ID], [OTEL_ADI], [ADRES_BILGISI], [ULKE_ADI], [TEL_NO], [E_MAIL], [YILDIZ_SAYISI], [TOPLAM_ODA_SAYISI], [TOPLAM_KAPASITE], [WEB_SITESI], [OTEL_LOGO], [ACILIS_TARIHI], [KAYIT_OLUSTURULMA_TARIHI], [KAYIT_GUNCELLENME_TARIHI], [NOTLAR], [DOSYA_EKLERI]) VALUES (3, N'Ramada Hotel', N'Kadıköy, İstanbul', N'Türkiye', N'02160000000', N'ramadahotel@gmail.com', 5, 60, 180, N'<xml>www.ramadahotel.com</xml>', NULL, CAST(N'2010-05-15' AS Date), CAST(N'2024-12-19T10:00:00.000' AS DateTime), CAST(N'2024-12-19T12:00:00.000' AS DateTime), N'Deniz kenarında otel', NULL)
INSERT [dbo].[OTEL_BILGI] ([OTEL_ID], [OTEL_ADI], [ADRES_BILGISI], [ULKE_ADI], [TEL_NO], [E_MAIL], [YILDIZ_SAYISI], [TOPLAM_ODA_SAYISI], [TOPLAM_KAPASITE], [WEB_SITESI], [OTEL_LOGO], [ACILIS_TARIHI], [KAYIT_OLUSTURULMA_TARIHI], [KAYIT_GUNCELLENME_TARIHI], [NOTLAR], [DOSYA_EKLERI]) VALUES (4, N'Ramada Hotel', N'Kadıköy, İstanbul', N'Türkiye', N'02160000000', N'ramadahotel@gmail.com', 5, 60, 180, N'<xml>www.ramadahotel.com</xml>', NULL, CAST(N'2010-05-15' AS Date), CAST(N'2024-12-19T10:00:00.000' AS DateTime), CAST(N'2024-12-19T12:00:00.000' AS DateTime), N'Deniz kenarında otel', NULL)
INSERT [dbo].[OTEL_BILGI] ([OTEL_ID], [OTEL_ADI], [ADRES_BILGISI], [ULKE_ADI], [TEL_NO], [E_MAIL], [YILDIZ_SAYISI], [TOPLAM_ODA_SAYISI], [TOPLAM_KAPASITE], [WEB_SITESI], [OTEL_LOGO], [ACILIS_TARIHI], [KAYIT_OLUSTURULMA_TARIHI], [KAYIT_GUNCELLENME_TARIHI], [NOTLAR], [DOSYA_EKLERI]) VALUES (5, N'Ramada Hotel', N'Kadıköy, İstanbul', N'Türkiye', N'02160000000', N'ramadahotel@gmail.com', 5, 60, 180, N'<xml>www.ramadahotel.com</xml>', NULL, CAST(N'2010-05-15' AS Date), CAST(N'2024-12-19T10:00:00.000' AS DateTime), CAST(N'2024-12-19T12:00:00.000' AS DateTime), N'Deniz kenarında otel', NULL)
INSERT [dbo].[OTEL_BILGI] ([OTEL_ID], [OTEL_ADI], [ADRES_BILGISI], [ULKE_ADI], [TEL_NO], [E_MAIL], [YILDIZ_SAYISI], [TOPLAM_ODA_SAYISI], [TOPLAM_KAPASITE], [WEB_SITESI], [OTEL_LOGO], [ACILIS_TARIHI], [KAYIT_OLUSTURULMA_TARIHI], [KAYIT_GUNCELLENME_TARIHI], [NOTLAR], [DOSYA_EKLERI]) VALUES (6, N'Ramada Hotel', N'Kadıköy, İstanbul', N'Türkiye', N'02160000000', N'ramadahotel@gmail.com', 5, 60, 180, N'<xml>www.ramadahotel.com</xml>', NULL, CAST(N'2010-05-15' AS Date), CAST(N'2024-12-19T10:00:00.000' AS DateTime), CAST(N'2024-12-19T12:00:00.000' AS DateTime), N'Deniz kenarında otel', NULL)
INSERT [dbo].[OTEL_BILGI] ([OTEL_ID], [OTEL_ADI], [ADRES_BILGISI], [ULKE_ADI], [TEL_NO], [E_MAIL], [YILDIZ_SAYISI], [TOPLAM_ODA_SAYISI], [TOPLAM_KAPASITE], [WEB_SITESI], [OTEL_LOGO], [ACILIS_TARIHI], [KAYIT_OLUSTURULMA_TARIHI], [KAYIT_GUNCELLENME_TARIHI], [NOTLAR], [DOSYA_EKLERI]) VALUES (7, N'Ramada Hotel', N'Kadıköy, İstanbul', N'Türkiye', N'02160000000', N'ramadahotel@gmail.com', 5, 60, 180, N'<xml>www.ramadahotel.com</xml>', NULL, CAST(N'2010-05-15' AS Date), CAST(N'2024-12-19T10:00:00.000' AS DateTime), CAST(N'2024-12-19T12:00:00.000' AS DateTime), N'Deniz kenarında otel', NULL)
INSERT [dbo].[OTEL_BILGI] ([OTEL_ID], [OTEL_ADI], [ADRES_BILGISI], [ULKE_ADI], [TEL_NO], [E_MAIL], [YILDIZ_SAYISI], [TOPLAM_ODA_SAYISI], [TOPLAM_KAPASITE], [WEB_SITESI], [OTEL_LOGO], [ACILIS_TARIHI], [KAYIT_OLUSTURULMA_TARIHI], [KAYIT_GUNCELLENME_TARIHI], [NOTLAR], [DOSYA_EKLERI]) VALUES (8, N'Ramada Hotel', N'Kadıköy, İstanbul', N'Türkiye', N'02160000000', N'ramadahotel@gmail.com', 5, 60, 180, N'<xml>www.ramadahotel.com</xml>', NULL, CAST(N'2010-05-15' AS Date), CAST(N'2024-12-19T10:00:00.000' AS DateTime), CAST(N'2024-12-19T12:00:00.000' AS DateTime), N'Deniz kenarında otel', NULL)
INSERT [dbo].[OTEL_BILGI] ([OTEL_ID], [OTEL_ADI], [ADRES_BILGISI], [ULKE_ADI], [TEL_NO], [E_MAIL], [YILDIZ_SAYISI], [TOPLAM_ODA_SAYISI], [TOPLAM_KAPASITE], [WEB_SITESI], [OTEL_LOGO], [ACILIS_TARIHI], [KAYIT_OLUSTURULMA_TARIHI], [KAYIT_GUNCELLENME_TARIHI], [NOTLAR], [DOSYA_EKLERI]) VALUES (9, N'Ramada Hotel', N'Kadıköy, İstanbul', N'Türkiye', N'02160000000', N'ramadahotel@gmail.com', 5, 60, 180, N'<xml>www.ramadahotel.com</xml>', NULL, CAST(N'2010-05-15' AS Date), CAST(N'2024-12-19T10:00:00.000' AS DateTime), CAST(N'2024-12-19T12:00:00.000' AS DateTime), N'Deniz kenarında otel', NULL)
INSERT [dbo].[OTEL_BILGI] ([OTEL_ID], [OTEL_ADI], [ADRES_BILGISI], [ULKE_ADI], [TEL_NO], [E_MAIL], [YILDIZ_SAYISI], [TOPLAM_ODA_SAYISI], [TOPLAM_KAPASITE], [WEB_SITESI], [OTEL_LOGO], [ACILIS_TARIHI], [KAYIT_OLUSTURULMA_TARIHI], [KAYIT_GUNCELLENME_TARIHI], [NOTLAR], [DOSYA_EKLERI]) VALUES (10, N'Ramada Hotel', N'Kadıköy, İstanbul', N'Türkiye', N'02160000000', N'ramadahotel@gmail.com', 5, 60, 180, N'<xml>www.ramadahotel.com</xml>', NULL, CAST(N'2010-05-15' AS Date), CAST(N'2024-12-19T10:00:00.000' AS DateTime), CAST(N'2024-12-19T12:00:00.000' AS DateTime), N'Deniz kenarında otel', NULL)
INSERT [dbo].[OTEL_BILGI] ([OTEL_ID], [OTEL_ADI], [ADRES_BILGISI], [ULKE_ADI], [TEL_NO], [E_MAIL], [YILDIZ_SAYISI], [TOPLAM_ODA_SAYISI], [TOPLAM_KAPASITE], [WEB_SITESI], [OTEL_LOGO], [ACILIS_TARIHI], [KAYIT_OLUSTURULMA_TARIHI], [KAYIT_GUNCELLENME_TARIHI], [NOTLAR], [DOSYA_EKLERI]) VALUES (11, N'Ramada Hotel', N'Kadıköy, İstanbul', N'Türkiye', N'02160000000', N'ramadahotel@gmail.com', 5, 60, 180, N'<xml>www.ramadahotel.com</xml>', NULL, CAST(N'2010-05-15' AS Date), CAST(N'2024-12-19T10:00:00.000' AS DateTime), CAST(N'2024-12-19T12:00:00.000' AS DateTime), N'Deniz kenarında otel', NULL)
INSERT [dbo].[OTEL_BILGI] ([OTEL_ID], [OTEL_ADI], [ADRES_BILGISI], [ULKE_ADI], [TEL_NO], [E_MAIL], [YILDIZ_SAYISI], [TOPLAM_ODA_SAYISI], [TOPLAM_KAPASITE], [WEB_SITESI], [OTEL_LOGO], [ACILIS_TARIHI], [KAYIT_OLUSTURULMA_TARIHI], [KAYIT_GUNCELLENME_TARIHI], [NOTLAR], [DOSYA_EKLERI]) VALUES (12, N'Ramada Hotel', N'Kadıköy, İstanbul', N'Türkiye', N'02160000000', N'ramadahotel@gmail.com', 5, 60, 180, N'<xml>www.ramadahotel.com</xml>', NULL, CAST(N'2010-05-15' AS Date), CAST(N'2024-12-19T10:00:00.000' AS DateTime), CAST(N'2024-12-19T12:00:00.000' AS DateTime), N'Deniz kenarında otel', NULL)
INSERT [dbo].[OTEL_BILGI] ([OTEL_ID], [OTEL_ADI], [ADRES_BILGISI], [ULKE_ADI], [TEL_NO], [E_MAIL], [YILDIZ_SAYISI], [TOPLAM_ODA_SAYISI], [TOPLAM_KAPASITE], [WEB_SITESI], [OTEL_LOGO], [ACILIS_TARIHI], [KAYIT_OLUSTURULMA_TARIHI], [KAYIT_GUNCELLENME_TARIHI], [NOTLAR], [DOSYA_EKLERI]) VALUES (13, N'Ramada Hotel', N'Kadıköy, İstanbul', N'Türkiye', N'02160000000', N'ramadahotel@gmail.com', 5, 60, 180, N'<xml>www.ramadahotel.com</xml>', NULL, CAST(N'2010-05-15' AS Date), CAST(N'2024-12-19T10:00:00.000' AS DateTime), CAST(N'2024-12-19T12:00:00.000' AS DateTime), N'Deniz kenarında otel', NULL)
INSERT [dbo].[OTEL_BILGI] ([OTEL_ID], [OTEL_ADI], [ADRES_BILGISI], [ULKE_ADI], [TEL_NO], [E_MAIL], [YILDIZ_SAYISI], [TOPLAM_ODA_SAYISI], [TOPLAM_KAPASITE], [WEB_SITESI], [OTEL_LOGO], [ACILIS_TARIHI], [KAYIT_OLUSTURULMA_TARIHI], [KAYIT_GUNCELLENME_TARIHI], [NOTLAR], [DOSYA_EKLERI]) VALUES (14, N'Ramada Hotel', N'Kadıköy, İstanbul', N'Türkiye', N'02160000000', N'ramadahotel@gmail.com', 5, 60, 180, N'<xml>www.ramadahotel.com</xml>', NULL, CAST(N'2010-05-15' AS Date), CAST(N'2024-12-19T10:00:00.000' AS DateTime), CAST(N'2024-12-19T12:00:00.000' AS DateTime), N'Deniz kenarında otel', NULL)
INSERT [dbo].[OTEL_BILGI] ([OTEL_ID], [OTEL_ADI], [ADRES_BILGISI], [ULKE_ADI], [TEL_NO], [E_MAIL], [YILDIZ_SAYISI], [TOPLAM_ODA_SAYISI], [TOPLAM_KAPASITE], [WEB_SITESI], [OTEL_LOGO], [ACILIS_TARIHI], [KAYIT_OLUSTURULMA_TARIHI], [KAYIT_GUNCELLENME_TARIHI], [NOTLAR], [DOSYA_EKLERI]) VALUES (15, N'Ramada Hotel', N'Kadıköy, İstanbul', N'Türkiye', N'02160000000', N'ramadahotel@gmail.com', 5, 60, 180, N'<xml>www.ramadahotel.com</xml>', NULL, CAST(N'2010-05-15' AS Date), CAST(N'2024-12-19T10:00:00.000' AS DateTime), CAST(N'2024-12-19T12:00:00.000' AS DateTime), N'Deniz kenarında otel', NULL)
INSERT [dbo].[OTEL_BILGI] ([OTEL_ID], [OTEL_ADI], [ADRES_BILGISI], [ULKE_ADI], [TEL_NO], [E_MAIL], [YILDIZ_SAYISI], [TOPLAM_ODA_SAYISI], [TOPLAM_KAPASITE], [WEB_SITESI], [OTEL_LOGO], [ACILIS_TARIHI], [KAYIT_OLUSTURULMA_TARIHI], [KAYIT_GUNCELLENME_TARIHI], [NOTLAR], [DOSYA_EKLERI]) VALUES (16, N'Ramada Hotel', N'Kadıköy, İstanbul', N'Türkiye', N'02160000000', N'ramadahotel@gmail.com', 5, 60, 180, N'<xml>www.ramadahotel.com</xml>', NULL, CAST(N'2010-05-15' AS Date), CAST(N'2024-12-19T10:00:00.000' AS DateTime), CAST(N'2024-12-19T12:00:00.000' AS DateTime), N'Deniz kenarında otel', NULL)
INSERT [dbo].[OTEL_BILGI] ([OTEL_ID], [OTEL_ADI], [ADRES_BILGISI], [ULKE_ADI], [TEL_NO], [E_MAIL], [YILDIZ_SAYISI], [TOPLAM_ODA_SAYISI], [TOPLAM_KAPASITE], [WEB_SITESI], [OTEL_LOGO], [ACILIS_TARIHI], [KAYIT_OLUSTURULMA_TARIHI], [KAYIT_GUNCELLENME_TARIHI], [NOTLAR], [DOSYA_EKLERI]) VALUES (17, N'Ramada Hotel', N'Kadıköy, İstanbul', N'Türkiye', N'02160000000', N'ramadahotel@gmail.com', 5, 60, 180, N'<xml>www.ramadahotel.com</xml>', NULL, CAST(N'2010-05-15' AS Date), CAST(N'2024-12-19T10:00:00.000' AS DateTime), CAST(N'2024-12-19T12:00:00.000' AS DateTime), N'Deniz kenarında otel', NULL)
INSERT [dbo].[OTEL_BILGI] ([OTEL_ID], [OTEL_ADI], [ADRES_BILGISI], [ULKE_ADI], [TEL_NO], [E_MAIL], [YILDIZ_SAYISI], [TOPLAM_ODA_SAYISI], [TOPLAM_KAPASITE], [WEB_SITESI], [OTEL_LOGO], [ACILIS_TARIHI], [KAYIT_OLUSTURULMA_TARIHI], [KAYIT_GUNCELLENME_TARIHI], [NOTLAR], [DOSYA_EKLERI]) VALUES (18, N'Ramada Hotel', N'Kadıköy, İstanbul', N'Türkiye', N'02160000000', N'ramadahotel@gmail.com', 5, 60, 180, N'<xml>www.ramadahotel.com</xml>', NULL, CAST(N'2010-05-15' AS Date), CAST(N'2024-12-19T10:00:00.000' AS DateTime), CAST(N'2024-12-19T12:00:00.000' AS DateTime), N'Deniz kenarında otel', NULL)
INSERT [dbo].[OTEL_BILGI] ([OTEL_ID], [OTEL_ADI], [ADRES_BILGISI], [ULKE_ADI], [TEL_NO], [E_MAIL], [YILDIZ_SAYISI], [TOPLAM_ODA_SAYISI], [TOPLAM_KAPASITE], [WEB_SITESI], [OTEL_LOGO], [ACILIS_TARIHI], [KAYIT_OLUSTURULMA_TARIHI], [KAYIT_GUNCELLENME_TARIHI], [NOTLAR], [DOSYA_EKLERI]) VALUES (19, N'Ramada Hotel', N'Kadıköy, İstanbul', N'Türkiye', N'02160000000', N'ramadahotel@gmail.com', 5, 60, 180, N'<xml>www.ramadahotel.com</xml>', NULL, CAST(N'2010-05-15' AS Date), CAST(N'2024-12-19T10:00:00.000' AS DateTime), CAST(N'2024-12-19T12:00:00.000' AS DateTime), N'Deniz kenarında otel', NULL)
INSERT [dbo].[OTEL_BILGI] ([OTEL_ID], [OTEL_ADI], [ADRES_BILGISI], [ULKE_ADI], [TEL_NO], [E_MAIL], [YILDIZ_SAYISI], [TOPLAM_ODA_SAYISI], [TOPLAM_KAPASITE], [WEB_SITESI], [OTEL_LOGO], [ACILIS_TARIHI], [KAYIT_OLUSTURULMA_TARIHI], [KAYIT_GUNCELLENME_TARIHI], [NOTLAR], [DOSYA_EKLERI]) VALUES (20, N'Ramada Hotel', N'Kadıköy, İstanbul', N'Türkiye', N'02160000000', N'ramadahotel@gmail.com', 5, 60, 180, N'<xml>www.ramadahotel.com</xml>', NULL, CAST(N'2010-05-15' AS Date), CAST(N'2024-12-19T10:00:00.000' AS DateTime), CAST(N'2024-12-19T12:00:00.000' AS DateTime), N'Deniz kenarında otel', NULL)
GO
INSERT [dbo].[RAPORLAR] ([RAPOR_ID], [GELIR_ID], [GIDER_ID], [RAPOR_TARIHI], [TOPLAM_GELIR], [TOPLAM_GIDER], [NET_KAR], [EK_ACIKLAMA]) VALUES (1, 1, 1, CAST(N'2024-01-31T09:00:00.000' AS DateTime), CAST(1500000.00 AS Decimal(15, 2)), CAST(750000.00 AS Decimal(15, 2)), CAST(750000.00 AS Decimal(15, 2)), N'Ocak ayı raporu.')
INSERT [dbo].[RAPORLAR] ([RAPOR_ID], [GELIR_ID], [GIDER_ID], [RAPOR_TARIHI], [TOPLAM_GELIR], [TOPLAM_GIDER], [NET_KAR], [EK_ACIKLAMA]) VALUES (2, 2, 2, CAST(N'2024-01-31T12:00:00.000' AS DateTime), CAST(1400000.00 AS Decimal(15, 2)), CAST(720000.00 AS Decimal(15, 2)), CAST(680000.00 AS Decimal(15, 2)), N'Ocak ayı raporu.')
INSERT [dbo].[RAPORLAR] ([RAPOR_ID], [GELIR_ID], [GIDER_ID], [RAPOR_TARIHI], [TOPLAM_GELIR], [TOPLAM_GIDER], [NET_KAR], [EK_ACIKLAMA]) VALUES (3, 3, 3, CAST(N'2024-01-31T15:00:00.000' AS DateTime), CAST(1600000.00 AS Decimal(15, 2)), CAST(770000.00 AS Decimal(15, 2)), CAST(830000.00 AS Decimal(15, 2)), N'Ocak ayı raporu.')
INSERT [dbo].[RAPORLAR] ([RAPOR_ID], [GELIR_ID], [GIDER_ID], [RAPOR_TARIHI], [TOPLAM_GELIR], [TOPLAM_GIDER], [NET_KAR], [EK_ACIKLAMA]) VALUES (4, 4, 4, CAST(N'2024-02-28T09:00:00.000' AS DateTime), CAST(1700000.00 AS Decimal(15, 2)), CAST(800000.00 AS Decimal(15, 2)), CAST(900000.00 AS Decimal(15, 2)), N'Şubat ayı raporu.')
INSERT [dbo].[RAPORLAR] ([RAPOR_ID], [GELIR_ID], [GIDER_ID], [RAPOR_TARIHI], [TOPLAM_GELIR], [TOPLAM_GIDER], [NET_KAR], [EK_ACIKLAMA]) VALUES (5, 5, 5, CAST(N'2024-02-28T12:00:00.000' AS DateTime), CAST(1800000.00 AS Decimal(15, 2)), CAST(850000.00 AS Decimal(15, 2)), CAST(950000.00 AS Decimal(15, 2)), N'Şubat ayı raporu.')
INSERT [dbo].[RAPORLAR] ([RAPOR_ID], [GELIR_ID], [GIDER_ID], [RAPOR_TARIHI], [TOPLAM_GELIR], [TOPLAM_GIDER], [NET_KAR], [EK_ACIKLAMA]) VALUES (6, 6, 6, CAST(N'2024-02-28T15:00:00.000' AS DateTime), CAST(1600000.00 AS Decimal(15, 2)), CAST(820000.00 AS Decimal(15, 2)), CAST(780000.00 AS Decimal(15, 2)), N'Şubat ayı raporu.')
INSERT [dbo].[RAPORLAR] ([RAPOR_ID], [GELIR_ID], [GIDER_ID], [RAPOR_TARIHI], [TOPLAM_GELIR], [TOPLAM_GIDER], [NET_KAR], [EK_ACIKLAMA]) VALUES (7, 7, 7, CAST(N'2024-03-31T09:00:00.000' AS DateTime), CAST(2000000.00 AS Decimal(15, 2)), CAST(740000.00 AS Decimal(15, 2)), CAST(1260000.00 AS Decimal(15, 2)), N'Mart ayı raporu.')
INSERT [dbo].[RAPORLAR] ([RAPOR_ID], [GELIR_ID], [GIDER_ID], [RAPOR_TARIHI], [TOPLAM_GELIR], [TOPLAM_GIDER], [NET_KAR], [EK_ACIKLAMA]) VALUES (8, 8, 8, CAST(N'2024-03-31T12:00:00.000' AS DateTime), CAST(1900000.00 AS Decimal(15, 2)), CAST(710000.00 AS Decimal(15, 2)), CAST(1190000.00 AS Decimal(15, 2)), N'Mart ayı raporu.')
INSERT [dbo].[RAPORLAR] ([RAPOR_ID], [GELIR_ID], [GIDER_ID], [RAPOR_TARIHI], [TOPLAM_GELIR], [TOPLAM_GIDER], [NET_KAR], [EK_ACIKLAMA]) VALUES (9, 9, 9, CAST(N'2024-03-31T15:00:00.000' AS DateTime), CAST(2100000.00 AS Decimal(15, 2)), CAST(760000.00 AS Decimal(15, 2)), CAST(1340000.00 AS Decimal(15, 2)), N'Mart ayı raporu.')
INSERT [dbo].[RAPORLAR] ([RAPOR_ID], [GELIR_ID], [GIDER_ID], [RAPOR_TARIHI], [TOPLAM_GELIR], [TOPLAM_GIDER], [NET_KAR], [EK_ACIKLAMA]) VALUES (10, 10, 10, CAST(N'2024-04-30T09:00:00.000' AS DateTime), CAST(1850000.00 AS Decimal(15, 2)), CAST(840000.00 AS Decimal(15, 2)), CAST(1010000.00 AS Decimal(15, 2)), N'Nisan ayı raporu.')
INSERT [dbo].[RAPORLAR] ([RAPOR_ID], [GELIR_ID], [GIDER_ID], [RAPOR_TARIHI], [TOPLAM_GELIR], [TOPLAM_GIDER], [NET_KAR], [EK_ACIKLAMA]) VALUES (11, 11, 11, CAST(N'2024-04-30T12:00:00.000' AS DateTime), CAST(1800000.00 AS Decimal(15, 2)), CAST(820000.00 AS Decimal(15, 2)), CAST(980000.00 AS Decimal(15, 2)), N'Nisan ayı raporu.')
INSERT [dbo].[RAPORLAR] ([RAPOR_ID], [GELIR_ID], [GIDER_ID], [RAPOR_TARIHI], [TOPLAM_GELIR], [TOPLAM_GIDER], [NET_KAR], [EK_ACIKLAMA]) VALUES (12, 12, 12, CAST(N'2024-04-30T15:00:00.000' AS DateTime), CAST(1900000.00 AS Decimal(15, 2)), CAST(860000.00 AS Decimal(15, 2)), CAST(1040000.00 AS Decimal(15, 2)), N'Nisan ayı raporu.')
INSERT [dbo].[RAPORLAR] ([RAPOR_ID], [GELIR_ID], [GIDER_ID], [RAPOR_TARIHI], [TOPLAM_GELIR], [TOPLAM_GIDER], [NET_KAR], [EK_ACIKLAMA]) VALUES (13, 13, 13, CAST(N'2024-05-31T09:00:00.000' AS DateTime), CAST(1900000.00 AS Decimal(15, 2)), CAST(830000.00 AS Decimal(15, 2)), CAST(1070000.00 AS Decimal(15, 2)), N'Mayıs ayı raporu.')
INSERT [dbo].[RAPORLAR] ([RAPOR_ID], [GELIR_ID], [GIDER_ID], [RAPOR_TARIHI], [TOPLAM_GELIR], [TOPLAM_GIDER], [NET_KAR], [EK_ACIKLAMA]) VALUES (14, 14, 14, CAST(N'2024-05-31T12:00:00.000' AS DateTime), CAST(1850000.00 AS Decimal(15, 2)), CAST(810000.00 AS Decimal(15, 2)), CAST(1040000.00 AS Decimal(15, 2)), N'Mayıs ayı raporu.')
INSERT [dbo].[RAPORLAR] ([RAPOR_ID], [GELIR_ID], [GIDER_ID], [RAPOR_TARIHI], [TOPLAM_GELIR], [TOPLAM_GIDER], [NET_KAR], [EK_ACIKLAMA]) VALUES (15, 15, 15, CAST(N'2024-05-31T15:00:00.000' AS DateTime), CAST(2000000.00 AS Decimal(15, 2)), CAST(850000.00 AS Decimal(15, 2)), CAST(1150000.00 AS Decimal(15, 2)), N'Mayıs ayı raporu.')
INSERT [dbo].[RAPORLAR] ([RAPOR_ID], [GELIR_ID], [GIDER_ID], [RAPOR_TARIHI], [TOPLAM_GELIR], [TOPLAM_GIDER], [NET_KAR], [EK_ACIKLAMA]) VALUES (16, 16, 16, CAST(N'2024-06-30T09:00:00.000' AS DateTime), CAST(2200000.00 AS Decimal(15, 2)), CAST(880000.00 AS Decimal(15, 2)), CAST(1320000.00 AS Decimal(15, 2)), N'Haziran ayı raporu.')
INSERT [dbo].[RAPORLAR] ([RAPOR_ID], [GELIR_ID], [GIDER_ID], [RAPOR_TARIHI], [TOPLAM_GELIR], [TOPLAM_GIDER], [NET_KAR], [EK_ACIKLAMA]) VALUES (17, 17, 17, CAST(N'2024-06-30T12:00:00.000' AS DateTime), CAST(2150000.00 AS Decimal(15, 2)), CAST(860000.00 AS Decimal(15, 2)), CAST(1290000.00 AS Decimal(15, 2)), N'Haziran ayı raporu.')
INSERT [dbo].[RAPORLAR] ([RAPOR_ID], [GELIR_ID], [GIDER_ID], [RAPOR_TARIHI], [TOPLAM_GELIR], [TOPLAM_GIDER], [NET_KAR], [EK_ACIKLAMA]) VALUES (18, 18, 18, CAST(N'2024-06-30T15:00:00.000' AS DateTime), CAST(2300000.00 AS Decimal(15, 2)), CAST(910000.00 AS Decimal(15, 2)), CAST(1390000.00 AS Decimal(15, 2)), N'Haziran ayı raporu.')
INSERT [dbo].[RAPORLAR] ([RAPOR_ID], [GELIR_ID], [GIDER_ID], [RAPOR_TARIHI], [TOPLAM_GELIR], [TOPLAM_GIDER], [NET_KAR], [EK_ACIKLAMA]) VALUES (19, 19, 19, CAST(N'2024-07-31T09:00:00.000' AS DateTime), CAST(2050000.00 AS Decimal(15, 2)), CAST(920000.00 AS Decimal(15, 2)), CAST(1130000.00 AS Decimal(15, 2)), N'Temmuz ayı raporu.')
INSERT [dbo].[RAPORLAR] ([RAPOR_ID], [GELIR_ID], [GIDER_ID], [RAPOR_TARIHI], [TOPLAM_GELIR], [TOPLAM_GIDER], [NET_KAR], [EK_ACIKLAMA]) VALUES (20, 20, 20, CAST(N'2024-07-31T12:00:00.000' AS DateTime), CAST(2000000.00 AS Decimal(15, 2)), CAST(900000.00 AS Decimal(15, 2)), CAST(1100000.00 AS Decimal(15, 2)), N'Temmuz ayı raporu.')
GO
INSERT [dbo].[REZERVASYONLAR] ([REZERVASYON_ID], [ODA_ID], [MUSTERI_ID], [REZERVASYON_DURUMU], [CHECK_IN], [CIKIS_TARIHI], [KISI_SAYISI], [TOPLAM_FIYAT], [EK_NOTLAR], [OLUSTURULMA_TARIHI], [GUNCELLENME_TARIHI]) VALUES (1, 1, 1001, N'Onaylandı', CAST(N'2024-12-01T00:00:00.000' AS DateTime), CAST(N'2024-12-05T00:00:00.000' AS DateTime), 2, CAST(1500.00 AS Decimal(6, 2)), N'Yüksek kat talebi karşılandı.', CAST(N'2024-11-20T00:00:00.000' AS DateTime), CAST(N'2024-12-01T00:00:00.000' AS DateTime))
INSERT [dbo].[REZERVASYONLAR] ([REZERVASYON_ID], [ODA_ID], [MUSTERI_ID], [REZERVASYON_DURUMU], [CHECK_IN], [CIKIS_TARIHI], [KISI_SAYISI], [TOPLAM_FIYAT], [EK_NOTLAR], [OLUSTURULMA_TARIHI], [GUNCELLENME_TARIHI]) VALUES (2, 2, 1002, N'Onaylandı', CAST(N'2024-12-03T00:00:00.000' AS DateTime), CAST(N'2024-12-07T00:00:00.000' AS DateTime), 3, CAST(2500.50 AS Decimal(6, 2)), N'Oda süslemesi yapıldı.', CAST(N'2024-11-22T00:00:00.000' AS DateTime), CAST(N'2024-12-03T00:00:00.000' AS DateTime))
INSERT [dbo].[REZERVASYONLAR] ([REZERVASYON_ID], [ODA_ID], [MUSTERI_ID], [REZERVASYON_DURUMU], [CHECK_IN], [CIKIS_TARIHI], [KISI_SAYISI], [TOPLAM_FIYAT], [EK_NOTLAR], [OLUSTURULMA_TARIHI], [GUNCELLENME_TARIHI]) VALUES (3, 3, 1003, N'Beklemede', CAST(N'2024-12-05T00:00:00.000' AS DateTime), CAST(N'2024-12-08T00:00:00.000' AS DateTime), 1, CAST(1250.75 AS Decimal(6, 2)), N'Erken giriş talebi inceleniyor.', CAST(N'2024-11-25T00:00:00.000' AS DateTime), NULL)
INSERT [dbo].[REZERVASYONLAR] ([REZERVASYON_ID], [ODA_ID], [MUSTERI_ID], [REZERVASYON_DURUMU], [CHECK_IN], [CIKIS_TARIHI], [KISI_SAYISI], [TOPLAM_FIYAT], [EK_NOTLAR], [OLUSTURULMA_TARIHI], [GUNCELLENME_TARIHI]) VALUES (4, 4, 1004, N'Onaylandı', CAST(N'2024-12-06T00:00:00.000' AS DateTime), CAST(N'2024-12-10T00:00:00.000' AS DateTime), 4, CAST(3100.00 AS Decimal(6, 2)), N'Ekstra yastık talebi karşılandı.', CAST(N'2024-11-26T00:00:00.000' AS DateTime), CAST(N'2024-12-06T00:00:00.000' AS DateTime))
INSERT [dbo].[REZERVASYONLAR] ([REZERVASYON_ID], [ODA_ID], [MUSTERI_ID], [REZERVASYON_DURUMU], [CHECK_IN], [CIKIS_TARIHI], [KISI_SAYISI], [TOPLAM_FIYAT], [EK_NOTLAR], [OLUSTURULMA_TARIHI], [GUNCELLENME_TARIHI]) VALUES (5, 5, 1005, N'İptal', CAST(N'2024-12-08T00:00:00.000' AS DateTime), CAST(N'2024-12-11T00:00:00.000' AS DateTime), 2, CAST(2900.00 AS Decimal(6, 2)), NULL, CAST(N'2024-11-28T00:00:00.000' AS DateTime), CAST(N'2024-12-08T00:00:00.000' AS DateTime))
INSERT [dbo].[REZERVASYONLAR] ([REZERVASYON_ID], [ODA_ID], [MUSTERI_ID], [REZERVASYON_DURUMU], [CHECK_IN], [CIKIS_TARIHI], [KISI_SAYISI], [TOPLAM_FIYAT], [EK_NOTLAR], [OLUSTURULMA_TARIHI], [GUNCELLENME_TARIHI]) VALUES (6, 6, 1006, N'Onaylandı', CAST(N'2024-12-10T00:00:00.000' AS DateTime), CAST(N'2024-12-13T00:00:00.000' AS DateTime), 1, CAST(1700.00 AS Decimal(6, 2)), N'Manzara talebi karşılandı.', CAST(N'2024-12-01T00:00:00.000' AS DateTime), CAST(N'2024-12-10T00:00:00.000' AS DateTime))
INSERT [dbo].[REZERVASYONLAR] ([REZERVASYON_ID], [ODA_ID], [MUSTERI_ID], [REZERVASYON_DURUMU], [CHECK_IN], [CIKIS_TARIHI], [KISI_SAYISI], [TOPLAM_FIYAT], [EK_NOTLAR], [OLUSTURULMA_TARIHI], [GUNCELLENME_TARIHI]) VALUES (7, 7, 1007, N'Onaylandı', CAST(N'2024-12-11T00:00:00.000' AS DateTime), CAST(N'2024-12-15T00:00:00.000' AS DateTime), 3, CAST(1350.00 AS Decimal(6, 2)), NULL, CAST(N'2024-12-01T00:00:00.000' AS DateTime), CAST(N'2024-12-11T00:00:00.000' AS DateTime))
INSERT [dbo].[REZERVASYONLAR] ([REZERVASYON_ID], [ODA_ID], [MUSTERI_ID], [REZERVASYON_DURUMU], [CHECK_IN], [CIKIS_TARIHI], [KISI_SAYISI], [TOPLAM_FIYAT], [EK_NOTLAR], [OLUSTURULMA_TARIHI], [GUNCELLENME_TARIHI]) VALUES (8, 8, 1008, N'Onaylandı', CAST(N'2024-12-12T00:00:00.000' AS DateTime), CAST(N'2024-12-16T00:00:00.000' AS DateTime), 2, CAST(2000.00 AS Decimal(6, 2)), N'Sessiz oda talebi karşılandı.', CAST(N'2024-12-02T00:00:00.000' AS DateTime), CAST(N'2024-12-12T00:00:00.000' AS DateTime))
INSERT [dbo].[REZERVASYONLAR] ([REZERVASYON_ID], [ODA_ID], [MUSTERI_ID], [REZERVASYON_DURUMU], [CHECK_IN], [CIKIS_TARIHI], [KISI_SAYISI], [TOPLAM_FIYAT], [EK_NOTLAR], [OLUSTURULMA_TARIHI], [GUNCELLENME_TARIHI]) VALUES (9, 9, 1009, N'Beklemede', CAST(N'2024-12-13T00:00:00.000' AS DateTime), CAST(N'2024-12-17T00:00:00.000' AS DateTime), 1, CAST(3100.00 AS Decimal(6, 2)), N'Çift kişilik yatak kontrol ediliyor.', CAST(N'2024-12-03T00:00:00.000' AS DateTime), NULL)
INSERT [dbo].[REZERVASYONLAR] ([REZERVASYON_ID], [ODA_ID], [MUSTERI_ID], [REZERVASYON_DURUMU], [CHECK_IN], [CIKIS_TARIHI], [KISI_SAYISI], [TOPLAM_FIYAT], [EK_NOTLAR], [OLUSTURULMA_TARIHI], [GUNCELLENME_TARIHI]) VALUES (10, 10, 1010, N'Onaylandı', CAST(N'2024-12-14T00:00:00.000' AS DateTime), CAST(N'2024-12-18T00:00:00.000' AS DateTime), 4, CAST(2200.00 AS Decimal(6, 2)), NULL, CAST(N'2024-12-04T00:00:00.000' AS DateTime), CAST(N'2024-12-14T00:00:00.000' AS DateTime))
INSERT [dbo].[REZERVASYONLAR] ([REZERVASYON_ID], [ODA_ID], [MUSTERI_ID], [REZERVASYON_DURUMU], [CHECK_IN], [CIKIS_TARIHI], [KISI_SAYISI], [TOPLAM_FIYAT], [EK_NOTLAR], [OLUSTURULMA_TARIHI], [GUNCELLENME_TARIHI]) VALUES (11, 11, 1011, N'Onaylandı', CAST(N'2024-12-15T00:00:00.000' AS DateTime), CAST(N'2024-12-19T00:00:00.000' AS DateTime), 2, CAST(2700.00 AS Decimal(6, 2)), N'Bebek yatağı temin edildi.', CAST(N'2024-12-05T00:00:00.000' AS DateTime), CAST(N'2024-12-15T00:00:00.000' AS DateTime))
INSERT [dbo].[REZERVASYONLAR] ([REZERVASYON_ID], [ODA_ID], [MUSTERI_ID], [REZERVASYON_DURUMU], [CHECK_IN], [CIKIS_TARIHI], [KISI_SAYISI], [TOPLAM_FIYAT], [EK_NOTLAR], [OLUSTURULMA_TARIHI], [GUNCELLENME_TARIHI]) VALUES (12, 12, 1012, N'Onaylandı', CAST(N'2024-12-16T00:00:00.000' AS DateTime), CAST(N'2024-12-20T00:00:00.000' AS DateTime), 1, CAST(1950.00 AS Decimal(6, 2)), NULL, CAST(N'2024-12-06T00:00:00.000' AS DateTime), CAST(N'2024-12-16T00:00:00.000' AS DateTime))
INSERT [dbo].[REZERVASYONLAR] ([REZERVASYON_ID], [ODA_ID], [MUSTERI_ID], [REZERVASYON_DURUMU], [CHECK_IN], [CIKIS_TARIHI], [KISI_SAYISI], [TOPLAM_FIYAT], [EK_NOTLAR], [OLUSTURULMA_TARIHI], [GUNCELLENME_TARIHI]) VALUES (13, 13, 1013, N'Beklemede', CAST(N'2024-12-17T00:00:00.000' AS DateTime), CAST(N'2024-12-21T00:00:00.000' AS DateTime), 3, CAST(2400.00 AS Decimal(6, 2)), N'Ekstra havlu talebi kontrol ediliyor.', CAST(N'2024-12-07T00:00:00.000' AS DateTime), NULL)
INSERT [dbo].[REZERVASYONLAR] ([REZERVASYON_ID], [ODA_ID], [MUSTERI_ID], [REZERVASYON_DURUMU], [CHECK_IN], [CIKIS_TARIHI], [KISI_SAYISI], [TOPLAM_FIYAT], [EK_NOTLAR], [OLUSTURULMA_TARIHI], [GUNCELLENME_TARIHI]) VALUES (14, 14, 1014, N'Onaylandı', CAST(N'2024-12-18T00:00:00.000' AS DateTime), CAST(N'2024-12-22T00:00:00.000' AS DateTime), 2, CAST(1500.00 AS Decimal(6, 2)), N'Yüksek kat talebi karşılandı.', CAST(N'2024-12-08T00:00:00.000' AS DateTime), CAST(N'2024-12-18T00:00:00.000' AS DateTime))
INSERT [dbo].[REZERVASYONLAR] ([REZERVASYON_ID], [ODA_ID], [MUSTERI_ID], [REZERVASYON_DURUMU], [CHECK_IN], [CIKIS_TARIHI], [KISI_SAYISI], [TOPLAM_FIYAT], [EK_NOTLAR], [OLUSTURULMA_TARIHI], [GUNCELLENME_TARIHI]) VALUES (15, 15, 1015, N'İptal', CAST(N'2024-12-19T00:00:00.000' AS DateTime), CAST(N'2024-12-23T00:00:00.000' AS DateTime), 1, CAST(2800.00 AS Decimal(6, 2)), NULL, CAST(N'2024-12-09T00:00:00.000' AS DateTime), CAST(N'2024-12-19T00:00:00.000' AS DateTime))
INSERT [dbo].[REZERVASYONLAR] ([REZERVASYON_ID], [ODA_ID], [MUSTERI_ID], [REZERVASYON_DURUMU], [CHECK_IN], [CIKIS_TARIHI], [KISI_SAYISI], [TOPLAM_FIYAT], [EK_NOTLAR], [OLUSTURULMA_TARIHI], [GUNCELLENME_TARIHI]) VALUES (16, 16, 1016, N'Onaylandı', CAST(N'2024-12-20T00:00:00.000' AS DateTime), CAST(N'2024-12-24T00:00:00.000' AS DateTime), 4, CAST(1200.00 AS Decimal(6, 2)), N'Sakin oda talebi karşılandı.', CAST(N'2024-12-10T00:00:00.000' AS DateTime), CAST(N'2024-12-20T00:00:00.000' AS DateTime))
INSERT [dbo].[REZERVASYONLAR] ([REZERVASYON_ID], [ODA_ID], [MUSTERI_ID], [REZERVASYON_DURUMU], [CHECK_IN], [CIKIS_TARIHI], [KISI_SAYISI], [TOPLAM_FIYAT], [EK_NOTLAR], [OLUSTURULMA_TARIHI], [GUNCELLENME_TARIHI]) VALUES (17, 17, 1017, N'Onaylandı', CAST(N'2024-12-21T00:00:00.000' AS DateTime), CAST(N'2024-12-25T00:00:00.000' AS DateTime), 2, CAST(1950.00 AS Decimal(6, 2)), NULL, CAST(N'2024-12-11T00:00:00.000' AS DateTime), CAST(N'2024-12-21T00:00:00.000' AS DateTime))
INSERT [dbo].[REZERVASYONLAR] ([REZERVASYON_ID], [ODA_ID], [MUSTERI_ID], [REZERVASYON_DURUMU], [CHECK_IN], [CIKIS_TARIHI], [KISI_SAYISI], [TOPLAM_FIYAT], [EK_NOTLAR], [OLUSTURULMA_TARIHI], [GUNCELLENME_TARIHI]) VALUES (18, 18, 1018, N'Onaylandı', CAST(N'2024-12-22T00:00:00.000' AS DateTime), CAST(N'2024-12-26T00:00:00.000' AS DateTime), 1, CAST(2100.00 AS Decimal(6, 2)), N'Havaalanı transferi talebi onaylandı.', CAST(N'2024-12-12T00:00:00.000' AS DateTime), CAST(N'2024-12-22T00:00:00.000' AS DateTime))
INSERT [dbo].[REZERVASYONLAR] ([REZERVASYON_ID], [ODA_ID], [MUSTERI_ID], [REZERVASYON_DURUMU], [CHECK_IN], [CIKIS_TARIHI], [KISI_SAYISI], [TOPLAM_FIYAT], [EK_NOTLAR], [OLUSTURULMA_TARIHI], [GUNCELLENME_TARIHI]) VALUES (19, 19, 1019, N'Onaylandı', CAST(N'2024-12-23T00:00:00.000' AS DateTime), CAST(N'2024-12-27T00:00:00.000' AS DateTime), 3, CAST(2500.00 AS Decimal(6, 2)), NULL, CAST(N'2024-12-13T00:00:00.000' AS DateTime), CAST(N'2024-12-23T00:00:00.000' AS DateTime))
INSERT [dbo].[REZERVASYONLAR] ([REZERVASYON_ID], [ODA_ID], [MUSTERI_ID], [REZERVASYON_DURUMU], [CHECK_IN], [CIKIS_TARIHI], [KISI_SAYISI], [TOPLAM_FIYAT], [EK_NOTLAR], [OLUSTURULMA_TARIHI], [GUNCELLENME_TARIHI]) VALUES (20, 20, 1020, N'Onaylandı', CAST(N'2024-12-24T00:00:00.000' AS DateTime), CAST(N'2024-12-28T00:00:00.000' AS DateTime), 4, CAST(1900.00 AS Decimal(6, 2)), N'VIP transfer talebi karşılandı.', CAST(N'2024-12-14T00:00:00.000' AS DateTime), CAST(N'2024-12-24T00:00:00.000' AS DateTime))
GO
INSERT [dbo].[SIKAYETLER] ([SIKAYET_ID], [MUSTERI_ID], [SIKAYET_TARIHI], [SIKAYET_TURU], [SIKAYET_DETAYI], [SIKAYET_YANITLANDI_MI], [YANITLAYAN_CALISAN_ID], [SIKAYET_ONEM_DERECESI], [ILGILI_BIRIM], [ILETISIM_KURULDU_MU], [EK_NOTLAR], [OLUSTURULMA_TARIHI], [GUNCELLENME_TARIHI]) VALUES (1, 1001, CAST(N'2024-12-01' AS Date), N'Hizmet', N'Temizlik eksikliği bildirildi.', 1, 23, N'Yüksek', N'Temizlik', 1, N'Oda tekrar temizlendi.', CAST(N'2024-12-01T09:00:00.000' AS DateTime), CAST(N'2024-12-02T11:00:00.000' AS DateTime))
INSERT [dbo].[SIKAYETLER] ([SIKAYET_ID], [MUSTERI_ID], [SIKAYET_TARIHI], [SIKAYET_TURU], [SIKAYET_DETAYI], [SIKAYET_YANITLANDI_MI], [YANITLAYAN_CALISAN_ID], [SIKAYET_ONEM_DERECESI], [ILGILI_BIRIM], [ILETISIM_KURULDU_MU], [EK_NOTLAR], [OLUSTURULMA_TARIHI], [GUNCELLENME_TARIHI]) VALUES (2, 1002, CAST(N'2024-12-03' AS Date), N'Yemek', N'Yemekler soğuk geldi.', 1, 22, N'Orta', N'Mutfak', 1, N'Yemekler tekrar hazırlandı.', CAST(N'2024-12-03T13:00:00.000' AS DateTime), CAST(N'2024-12-03T15:30:00.000' AS DateTime))
INSERT [dbo].[SIKAYETLER] ([SIKAYET_ID], [MUSTERI_ID], [SIKAYET_TARIHI], [SIKAYET_TURU], [SIKAYET_DETAYI], [SIKAYET_YANITLANDI_MI], [YANITLAYAN_CALISAN_ID], [SIKAYET_ONEM_DERECESI], [ILGILI_BIRIM], [ILETISIM_KURULDU_MU], [EK_NOTLAR], [OLUSTURULMA_TARIHI], [GUNCELLENME_TARIHI]) VALUES (3, 1003, CAST(N'2024-12-05' AS Date), N'Oda', N'Mini bar çalışmıyor.', 0, 27, N'Düşük', N'Teknik', 0, N'Durum incelenecek.', CAST(N'2024-12-05T11:00:00.000' AS DateTime), NULL)
INSERT [dbo].[SIKAYETLER] ([SIKAYET_ID], [MUSTERI_ID], [SIKAYET_TARIHI], [SIKAYET_TURU], [SIKAYET_DETAYI], [SIKAYET_YANITLANDI_MI], [YANITLAYAN_CALISAN_ID], [SIKAYET_ONEM_DERECESI], [ILGILI_BIRIM], [ILETISIM_KURULDU_MU], [EK_NOTLAR], [OLUSTURULMA_TARIHI], [GUNCELLENME_TARIHI]) VALUES (4, 1004, CAST(N'2024-12-06' AS Date), N'Hizmet', N'Resepsiyon ilgisizdi.', 1, 21, N'Yüksek', N'Resepsiyon', 1, N'Görüşme yapıldı.', CAST(N'2024-12-06T09:30:00.000' AS DateTime), CAST(N'2024-12-07T11:00:00.000' AS DateTime))
INSERT [dbo].[SIKAYETLER] ([SIKAYET_ID], [MUSTERI_ID], [SIKAYET_TARIHI], [SIKAYET_TURU], [SIKAYET_DETAYI], [SIKAYET_YANITLANDI_MI], [YANITLAYAN_CALISAN_ID], [SIKAYET_ONEM_DERECESI], [ILGILI_BIRIM], [ILETISIM_KURULDU_MU], [EK_NOTLAR], [OLUSTURULMA_TARIHI], [GUNCELLENME_TARIHI]) VALUES (5, 1005, CAST(N'2024-12-08' AS Date), N'Yemek', N'Yemeklerde kıl bulundu.', 1, 22, N'Yüksek', N'Mutfak', 1, N'Ürün değiştirildi.', CAST(N'2024-12-08T14:00:00.000' AS DateTime), CAST(N'2024-12-08T16:30:00.000' AS DateTime))
INSERT [dbo].[SIKAYETLER] ([SIKAYET_ID], [MUSTERI_ID], [SIKAYET_TARIHI], [SIKAYET_TURU], [SIKAYET_DETAYI], [SIKAYET_YANITLANDI_MI], [YANITLAYAN_CALISAN_ID], [SIKAYET_ONEM_DERECESI], [ILGILI_BIRIM], [ILETISIM_KURULDU_MU], [EK_NOTLAR], [OLUSTURULMA_TARIHI], [GUNCELLENME_TARIHI]) VALUES (6, 1006, CAST(N'2024-12-10' AS Date), N'Oda', N'Klima çalışmıyor.', 0, 27, N'Orta', N'Teknik', 0, N'Servis bekleniyor.', CAST(N'2024-12-10T10:30:00.000' AS DateTime), NULL)
INSERT [dbo].[SIKAYETLER] ([SIKAYET_ID], [MUSTERI_ID], [SIKAYET_TARIHI], [SIKAYET_TURU], [SIKAYET_DETAYI], [SIKAYET_YANITLANDI_MI], [YANITLAYAN_CALISAN_ID], [SIKAYET_ONEM_DERECESI], [ILGILI_BIRIM], [ILETISIM_KURULDU_MU], [EK_NOTLAR], [OLUSTURULMA_TARIHI], [GUNCELLENME_TARIHI]) VALUES (7, 1007, CAST(N'2024-12-11' AS Date), N'Hizmet', N'Servis yavaş çalışıyor.', 1, 23, N'Orta', N'Servis', 1, N'Personel uyarıldı.', CAST(N'2024-12-11T08:00:00.000' AS DateTime), CAST(N'2024-12-12T10:00:00.000' AS DateTime))
INSERT [dbo].[SIKAYETLER] ([SIKAYET_ID], [MUSTERI_ID], [SIKAYET_TARIHI], [SIKAYET_TURU], [SIKAYET_DETAYI], [SIKAYET_YANITLANDI_MI], [YANITLAYAN_CALISAN_ID], [SIKAYET_ONEM_DERECESI], [ILGILI_BIRIM], [ILETISIM_KURULDU_MU], [EK_NOTLAR], [OLUSTURULMA_TARIHI], [GUNCELLENME_TARIHI]) VALUES (8, 1008, CAST(N'2024-12-12' AS Date), N'Yemek', N'Tatlılar eksikti.', 1, 22, N'Düşük', N'Mutfak', 1, N'Tatlı servisi tamamlandı.', CAST(N'2024-12-12T18:00:00.000' AS DateTime), CAST(N'2024-12-12T19:30:00.000' AS DateTime))
INSERT [dbo].[SIKAYETLER] ([SIKAYET_ID], [MUSTERI_ID], [SIKAYET_TARIHI], [SIKAYET_TURU], [SIKAYET_DETAYI], [SIKAYET_YANITLANDI_MI], [YANITLAYAN_CALISAN_ID], [SIKAYET_ONEM_DERECESI], [ILGILI_BIRIM], [ILETISIM_KURULDU_MU], [EK_NOTLAR], [OLUSTURULMA_TARIHI], [GUNCELLENME_TARIHI]) VALUES (9, 1009, CAST(N'2024-12-13' AS Date), N'Oda', N'Duşta su akmıyor.', 0, 27, N'Yüksek', N'Teknik', 0, N'Onarım planlanıyor.', CAST(N'2024-12-13T10:00:00.000' AS DateTime), NULL)
INSERT [dbo].[SIKAYETLER] ([SIKAYET_ID], [MUSTERI_ID], [SIKAYET_TARIHI], [SIKAYET_TURU], [SIKAYET_DETAYI], [SIKAYET_YANITLANDI_MI], [YANITLAYAN_CALISAN_ID], [SIKAYET_ONEM_DERECESI], [ILGILI_BIRIM], [ILETISIM_KURULDU_MU], [EK_NOTLAR], [OLUSTURULMA_TARIHI], [GUNCELLENME_TARIHI]) VALUES (10, 1010, CAST(N'2024-12-14' AS Date), N'Hizmet', N'Personel saygısız davrandı.', 1, 21, N'Yüksek', N'Yönetim', 1, N'Personel uyarıldı.', CAST(N'2024-12-14T09:00:00.000' AS DateTime), CAST(N'2024-12-15T13:00:00.000' AS DateTime))
INSERT [dbo].[SIKAYETLER] ([SIKAYET_ID], [MUSTERI_ID], [SIKAYET_TARIHI], [SIKAYET_TURU], [SIKAYET_DETAYI], [SIKAYET_YANITLANDI_MI], [YANITLAYAN_CALISAN_ID], [SIKAYET_ONEM_DERECESI], [ILGILI_BIRIM], [ILETISIM_KURULDU_MU], [EK_NOTLAR], [OLUSTURULMA_TARIHI], [GUNCELLENME_TARIHI]) VALUES (11, 1011, CAST(N'2024-12-15' AS Date), N'Yemek', N'Menü eksik geldi.', 1, 22, N'Düşük', N'Mutfak', 1, N'Menü tamamlandı.', CAST(N'2024-12-15T15:00:00.000' AS DateTime), CAST(N'2024-12-15T17:30:00.000' AS DateTime))
INSERT [dbo].[SIKAYETLER] ([SIKAYET_ID], [MUSTERI_ID], [SIKAYET_TARIHI], [SIKAYET_TURU], [SIKAYET_DETAYI], [SIKAYET_YANITLANDI_MI], [YANITLAYAN_CALISAN_ID], [SIKAYET_ONEM_DERECESI], [ILGILI_BIRIM], [ILETISIM_KURULDU_MU], [EK_NOTLAR], [OLUSTURULMA_TARIHI], [GUNCELLENME_TARIHI]) VALUES (12, 1012, CAST(N'2024-12-16' AS Date), N'Oda', N'Yatak bozuk.', 0, 27, N'Orta', N'Teknik', 0, N'Durum inceleniyor.', CAST(N'2024-12-16T11:00:00.000' AS DateTime), NULL)
INSERT [dbo].[SIKAYETLER] ([SIKAYET_ID], [MUSTERI_ID], [SIKAYET_TARIHI], [SIKAYET_TURU], [SIKAYET_DETAYI], [SIKAYET_YANITLANDI_MI], [YANITLAYAN_CALISAN_ID], [SIKAYET_ONEM_DERECESI], [ILGILI_BIRIM], [ILETISIM_KURULDU_MU], [EK_NOTLAR], [OLUSTURULMA_TARIHI], [GUNCELLENME_TARIHI]) VALUES (13, 1013, CAST(N'2024-12-17' AS Date), N'Hizmet', N'Vale hizmeti eksik.', 1, 23, N'Orta', N'Vale', 1, N'Personel görevlendirildi.', CAST(N'2024-12-17T08:30:00.000' AS DateTime), CAST(N'2024-12-18T11:00:00.000' AS DateTime))
INSERT [dbo].[SIKAYETLER] ([SIKAYET_ID], [MUSTERI_ID], [SIKAYET_TARIHI], [SIKAYET_TURU], [SIKAYET_DETAYI], [SIKAYET_YANITLANDI_MI], [YANITLAYAN_CALISAN_ID], [SIKAYET_ONEM_DERECESI], [ILGILI_BIRIM], [ILETISIM_KURULDU_MU], [EK_NOTLAR], [OLUSTURULMA_TARIHI], [GUNCELLENME_TARIHI]) VALUES (14, 1014, CAST(N'2024-12-18' AS Date), N'Yemek', N'Servis yanlış yemek getirdi.', 1, 22, N'Orta', N'Mutfak', 1, N'Yemek değiştirildi.', CAST(N'2024-12-18T19:00:00.000' AS DateTime), CAST(N'2024-12-18T20:30:00.000' AS DateTime))
INSERT [dbo].[SIKAYETLER] ([SIKAYET_ID], [MUSTERI_ID], [SIKAYET_TARIHI], [SIKAYET_TURU], [SIKAYET_DETAYI], [SIKAYET_YANITLANDI_MI], [YANITLAYAN_CALISAN_ID], [SIKAYET_ONEM_DERECESI], [ILGILI_BIRIM], [ILETISIM_KURULDU_MU], [EK_NOTLAR], [OLUSTURULMA_TARIHI], [GUNCELLENME_TARIHI]) VALUES (15, 1015, CAST(N'2024-12-19' AS Date), N'Oda', N'Televizyon çalışmıyor.', 0, 27, N'Düşük', N'Teknik', 0, N'Sorun inceleniyor.', CAST(N'2024-12-19T11:00:00.000' AS DateTime), NULL)
INSERT [dbo].[SIKAYETLER] ([SIKAYET_ID], [MUSTERI_ID], [SIKAYET_TARIHI], [SIKAYET_TURU], [SIKAYET_DETAYI], [SIKAYET_YANITLANDI_MI], [YANITLAYAN_CALISAN_ID], [SIKAYET_ONEM_DERECESI], [ILGILI_BIRIM], [ILETISIM_KURULDU_MU], [EK_NOTLAR], [OLUSTURULMA_TARIHI], [GUNCELLENME_TARIHI]) VALUES (16, 1016, CAST(N'2024-12-20' AS Date), N'Hizmet', N'Spa hizmeti eksik.', 1, 23, N'Orta', N'Spa', 1, N'Hizmet tamamlandı.', CAST(N'2024-12-20T10:00:00.000' AS DateTime), CAST(N'2024-12-21T15:00:00.000' AS DateTime))
INSERT [dbo].[SIKAYETLER] ([SIKAYET_ID], [MUSTERI_ID], [SIKAYET_TARIHI], [SIKAYET_TURU], [SIKAYET_DETAYI], [SIKAYET_YANITLANDI_MI], [YANITLAYAN_CALISAN_ID], [SIKAYET_ONEM_DERECESI], [ILGILI_BIRIM], [ILETISIM_KURULDU_MU], [EK_NOTLAR], [OLUSTURULMA_TARIHI], [GUNCELLENME_TARIHI]) VALUES (17, 1017, CAST(N'2024-12-21' AS Date), N'Yemek', N'Tatlıların tadı bozuk.', 1, 22, N'Yüksek', N'Mutfak', 1, N'Tatlılar yenilendi.', CAST(N'2024-12-21T16:00:00.000' AS DateTime), CAST(N'2024-12-21T18:30:00.000' AS DateTime))
INSERT [dbo].[SIKAYETLER] ([SIKAYET_ID], [MUSTERI_ID], [SIKAYET_TARIHI], [SIKAYET_TURU], [SIKAYET_DETAYI], [SIKAYET_YANITLANDI_MI], [YANITLAYAN_CALISAN_ID], [SIKAYET_ONEM_DERECESI], [ILGILI_BIRIM], [ILETISIM_KURULDU_MU], [EK_NOTLAR], [OLUSTURULMA_TARIHI], [GUNCELLENME_TARIHI]) VALUES (18, 1018, CAST(N'2024-12-22' AS Date), N'Oda', N'Havlu eksik.', 1, 23, N'Düşük', N'Kat Hizmetleri', 1, N'Havlular tamamlandı.', CAST(N'2024-12-22T10:00:00.000' AS DateTime), CAST(N'2024-12-22T13:00:00.000' AS DateTime))
INSERT [dbo].[SIKAYETLER] ([SIKAYET_ID], [MUSTERI_ID], [SIKAYET_TARIHI], [SIKAYET_TURU], [SIKAYET_DETAYI], [SIKAYET_YANITLANDI_MI], [YANITLAYAN_CALISAN_ID], [SIKAYET_ONEM_DERECESI], [ILGILI_BIRIM], [ILETISIM_KURULDU_MU], [EK_NOTLAR], [OLUSTURULMA_TARIHI], [GUNCELLENME_TARIHI]) VALUES (19, 1019, CAST(N'2024-12-23' AS Date), N'Hizmet', N'Havuz saatleri belirtilmemiş.', 1, 21, N'Düşük', N'Yönetim', 1, N'Misafir bilgilendirildi.', CAST(N'2024-12-23T08:00:00.000' AS DateTime), CAST(N'2024-12-24T10:00:00.000' AS DateTime))
INSERT [dbo].[SIKAYETLER] ([SIKAYET_ID], [MUSTERI_ID], [SIKAYET_TARIHI], [SIKAYET_TURU], [SIKAYET_DETAYI], [SIKAYET_YANITLANDI_MI], [YANITLAYAN_CALISAN_ID], [SIKAYET_ONEM_DERECESI], [ILGILI_BIRIM], [ILETISIM_KURULDU_MU], [EK_NOTLAR], [OLUSTURULMA_TARIHI], [GUNCELLENME_TARIHI]) VALUES (20, 1020, CAST(N'2024-12-24' AS Date), N'Yemek', N'Kahvaltıda ürün eksik.', 1, 22, N'Orta', N'Mutfak', 1, N'Eksik ürün tamamlandı.', CAST(N'2024-12-24T08:00:00.000' AS DateTime), CAST(N'2024-12-24T10:30:00.000' AS DateTime))
GO
/****** Object:  Index [IX_CALISANLAR]    Script Date: 19.12.2024 23:45:31 ******/
CREATE UNIQUE NONCLUSTERED INDEX [IX_CALISANLAR] ON [dbo].[CALISANLAR]
(
	[OTEL_ID] ASC
)WITH (PAD_INDEX = OFF, STATISTICS_NORECOMPUTE = OFF, SORT_IN_TEMPDB = OFF, IGNORE_DUP_KEY = OFF, DROP_EXISTING = OFF, ONLINE = OFF, ALLOW_ROW_LOCKS = ON, ALLOW_PAGE_LOCKS = ON, OPTIMIZE_FOR_SEQUENTIAL_KEY = OFF) ON [PRIMARY]
GO
SET ANSI_PADDING ON
GO
/****** Object:  Index [IX_CALISANLAR_SGK_NO_CHECK]    Script Date: 19.12.2024 23:45:31 ******/
CREATE UNIQUE NONCLUSTERED INDEX [IX_CALISANLAR_SGK_NO_CHECK] ON [dbo].[CALISANLAR]
(
	[SGK_NO] ASC
)WITH (PAD_INDEX = OFF, STATISTICS_NORECOMPUTE = OFF, SORT_IN_TEMPDB = OFF, IGNORE_DUP_KEY = OFF, DROP_EXISTING = OFF, ONLINE = OFF, ALLOW_ROW_LOCKS = ON, ALLOW_PAGE_LOCKS = ON, OPTIMIZE_FOR_SEQUENTIAL_KEY = OFF) ON [PRIMARY]
GO
/****** Object:  Index [IX_ETKINLIKLER]    Script Date: 19.12.2024 23:45:31 ******/
CREATE UNIQUE NONCLUSTERED INDEX [IX_ETKINLIKLER] ON [dbo].[ETKINLIKLER]
(
	[SORUMLU_CALISAN_ID] ASC
)WITH (PAD_INDEX = OFF, STATISTICS_NORECOMPUTE = OFF, SORT_IN_TEMPDB = OFF, IGNORE_DUP_KEY = OFF, DROP_EXISTING = OFF, ONLINE = OFF, ALLOW_ROW_LOCKS = ON, ALLOW_PAGE_LOCKS = ON, OPTIMIZE_FOR_SEQUENTIAL_KEY = OFF) ON [PRIMARY]
GO
/****** Object:  Index [IX_ETKINLIKLER_1]    Script Date: 19.12.2024 23:45:31 ******/
CREATE UNIQUE NONCLUSTERED INDEX [IX_ETKINLIKLER_1] ON [dbo].[ETKINLIKLER]
(
	[OTEL_ID] ASC
)WITH (PAD_INDEX = OFF, STATISTICS_NORECOMPUTE = OFF, SORT_IN_TEMPDB = OFF, IGNORE_DUP_KEY = OFF, DROP_EXISTING = OFF, ONLINE = OFF, ALLOW_ROW_LOCKS = ON, ALLOW_PAGE_LOCKS = ON, OPTIMIZE_FOR_SEQUENTIAL_KEY = OFF) ON [PRIMARY]
GO
/****** Object:  Index [IX_GELIRLER]    Script Date: 19.12.2024 23:45:31 ******/
CREATE UNIQUE NONCLUSTERED INDEX [IX_GELIRLER] ON [dbo].[GELIRLER]
(
	[OTEL_ID] ASC
)WITH (PAD_INDEX = OFF, STATISTICS_NORECOMPUTE = OFF, SORT_IN_TEMPDB = OFF, IGNORE_DUP_KEY = OFF, DROP_EXISTING = OFF, ONLINE = OFF, ALLOW_ROW_LOCKS = ON, ALLOW_PAGE_LOCKS = ON, OPTIMIZE_FOR_SEQUENTIAL_KEY = OFF) ON [PRIMARY]
GO
/****** Object:  Index [IX_GIDERLER]    Script Date: 19.12.2024 23:45:31 ******/
CREATE UNIQUE NONCLUSTERED INDEX [IX_GIDERLER] ON [dbo].[GIDERLER]
(
	[OTEL_ID] ASC
)WITH (PAD_INDEX = OFF, STATISTICS_NORECOMPUTE = OFF, SORT_IN_TEMPDB = OFF, IGNORE_DUP_KEY = OFF, DROP_EXISTING = OFF, ONLINE = OFF, ALLOW_ROW_LOCKS = ON, ALLOW_PAGE_LOCKS = ON, OPTIMIZE_FOR_SEQUENTIAL_KEY = OFF) ON [PRIMARY]
GO
/****** Object:  Index [IX_HIZMETLER]    Script Date: 19.12.2024 23:45:31 ******/
CREATE UNIQUE NONCLUSTERED INDEX [IX_HIZMETLER] ON [dbo].[HIZMETLER]
(
	[OTEL_ID] ASC
)WITH (PAD_INDEX = OFF, STATISTICS_NORECOMPUTE = OFF, SORT_IN_TEMPDB = OFF, IGNORE_DUP_KEY = OFF, DROP_EXISTING = OFF, ONLINE = OFF, ALLOW_ROW_LOCKS = ON, ALLOW_PAGE_LOCKS = ON, OPTIMIZE_FOR_SEQUENTIAL_KEY = OFF) ON [PRIMARY]
GO
/****** Object:  Index [IX_HIZMETLER_1]    Script Date: 19.12.2024 23:45:31 ******/
CREATE UNIQUE NONCLUSTERED INDEX [IX_HIZMETLER_1] ON [dbo].[HIZMETLER]
(
	[CALISAN_ID] ASC
)WITH (PAD_INDEX = OFF, STATISTICS_NORECOMPUTE = OFF, SORT_IN_TEMPDB = OFF, IGNORE_DUP_KEY = OFF, DROP_EXISTING = OFF, ONLINE = OFF, ALLOW_ROW_LOCKS = ON, ALLOW_PAGE_LOCKS = ON, OPTIMIZE_FOR_SEQUENTIAL_KEY = OFF) ON [PRIMARY]
GO
SET ANSI_PADDING ON
GO
/****** Object:  Index [IX_MUSTERILER_1]    Script Date: 19.12.2024 23:45:31 ******/
CREATE UNIQUE NONCLUSTERED INDEX [IX_MUSTERILER_1] ON [dbo].[MUSTERILER]
(
	[TC_NO] ASC
)WITH (PAD_INDEX = OFF, STATISTICS_NORECOMPUTE = OFF, SORT_IN_TEMPDB = OFF, IGNORE_DUP_KEY = OFF, DROP_EXISTING = OFF, ONLINE = OFF, ALLOW_ROW_LOCKS = ON, ALLOW_PAGE_LOCKS = ON, OPTIMIZE_FOR_SEQUENTIAL_KEY = OFF) ON [PRIMARY]
GO
/****** Object:  Index [IX_ODALAR]    Script Date: 19.12.2024 23:45:31 ******/
CREATE UNIQUE NONCLUSTERED INDEX [IX_ODALAR] ON [dbo].[ODALAR]
(
	[OTEL_ID] ASC
)WITH (PAD_INDEX = OFF, STATISTICS_NORECOMPUTE = OFF, SORT_IN_TEMPDB = OFF, IGNORE_DUP_KEY = OFF, DROP_EXISTING = OFF, ONLINE = OFF, ALLOW_ROW_LOCKS = ON, ALLOW_PAGE_LOCKS = ON, OPTIMIZE_FOR_SEQUENTIAL_KEY = OFF) ON [PRIMARY]
GO
SET ANSI_PADDING ON
GO
/****** Object:  Index [IX_ODALAR_ODA_NO_UQ_KONTROL]    Script Date: 19.12.2024 23:45:31 ******/
CREATE UNIQUE NONCLUSTERED INDEX [IX_ODALAR_ODA_NO_UQ_KONTROL] ON [dbo].[ODALAR]
(
	[ODA_NO] ASC
)WITH (PAD_INDEX = OFF, STATISTICS_NORECOMPUTE = OFF, SORT_IN_TEMPDB = OFF, IGNORE_DUP_KEY = OFF, DROP_EXISTING = OFF, ONLINE = OFF, ALLOW_ROW_LOCKS = ON, ALLOW_PAGE_LOCKS = ON, OPTIMIZE_FOR_SEQUENTIAL_KEY = OFF) ON [PRIMARY]
GO
/****** Object:  Index [IX_RAPORLAR]    Script Date: 19.12.2024 23:45:31 ******/
CREATE UNIQUE NONCLUSTERED INDEX [IX_RAPORLAR] ON [dbo].[RAPORLAR]
(
	[GIDER_ID] ASC
)WITH (PAD_INDEX = OFF, STATISTICS_NORECOMPUTE = OFF, SORT_IN_TEMPDB = OFF, IGNORE_DUP_KEY = OFF, DROP_EXISTING = OFF, ONLINE = OFF, ALLOW_ROW_LOCKS = ON, ALLOW_PAGE_LOCKS = ON, OPTIMIZE_FOR_SEQUENTIAL_KEY = OFF) ON [PRIMARY]
GO
/****** Object:  Index [IX_RAPORLAR_1]    Script Date: 19.12.2024 23:45:31 ******/
CREATE UNIQUE NONCLUSTERED INDEX [IX_RAPORLAR_1] ON [dbo].[RAPORLAR]
(
	[GELIR_ID] ASC
)WITH (PAD_INDEX = OFF, STATISTICS_NORECOMPUTE = OFF, SORT_IN_TEMPDB = OFF, IGNORE_DUP_KEY = OFF, DROP_EXISTING = OFF, ONLINE = OFF, ALLOW_ROW_LOCKS = ON, ALLOW_PAGE_LOCKS = ON, OPTIMIZE_FOR_SEQUENTIAL_KEY = OFF) ON [PRIMARY]
GO
/****** Object:  Index [IX_REZERVASYONLAR]    Script Date: 19.12.2024 23:45:31 ******/
CREATE UNIQUE NONCLUSTERED INDEX [IX_REZERVASYONLAR] ON [dbo].[REZERVASYONLAR]
(
	[ODA_ID] ASC
)WITH (PAD_INDEX = OFF, STATISTICS_NORECOMPUTE = OFF, SORT_IN_TEMPDB = OFF, IGNORE_DUP_KEY = OFF, DROP_EXISTING = OFF, ONLINE = OFF, ALLOW_ROW_LOCKS = ON, ALLOW_PAGE_LOCKS = ON, OPTIMIZE_FOR_SEQUENTIAL_KEY = OFF) ON [PRIMARY]
GO
/****** Object:  Index [IX_REZERVASYONLAR_1]    Script Date: 19.12.2024 23:45:31 ******/
CREATE UNIQUE NONCLUSTERED INDEX [IX_REZERVASYONLAR_1] ON [dbo].[REZERVASYONLAR]
(
	[MUSTERI_ID] ASC
)WITH (PAD_INDEX = OFF, STATISTICS_NORECOMPUTE = OFF, SORT_IN_TEMPDB = OFF, IGNORE_DUP_KEY = OFF, DROP_EXISTING = OFF, ONLINE = OFF, ALLOW_ROW_LOCKS = ON, ALLOW_PAGE_LOCKS = ON, OPTIMIZE_FOR_SEQUENTIAL_KEY = OFF) ON [PRIMARY]
GO
/****** Object:  Index [IX_SIKAYETLER]    Script Date: 19.12.2024 23:45:31 ******/
CREATE UNIQUE NONCLUSTERED INDEX [IX_SIKAYETLER] ON [dbo].[SIKAYETLER]
(
	[MUSTERI_ID] ASC
)WITH (PAD_INDEX = OFF, STATISTICS_NORECOMPUTE = OFF, SORT_IN_TEMPDB = OFF, IGNORE_DUP_KEY = OFF, DROP_EXISTING = OFF, ONLINE = OFF, ALLOW_ROW_LOCKS = ON, ALLOW_PAGE_LOCKS = ON, OPTIMIZE_FOR_SEQUENTIAL_KEY = OFF) ON [PRIMARY]
GO
ALTER TABLE [dbo].[CALISANLAR]  WITH CHECK ADD  CONSTRAINT [FK_CALISANLAR_ETKINLIKLER] FOREIGN KEY([CALISAN_ID])
REFERENCES [dbo].[ETKINLIKLER] ([SORUMLU_CALISAN_ID])
GO
ALTER TABLE [dbo].[CALISANLAR] CHECK CONSTRAINT [FK_CALISANLAR_ETKINLIKLER]
GO
ALTER TABLE [dbo].[CALISANLAR]  WITH CHECK ADD  CONSTRAINT [FK_CALISANLAR_HIZMETLER] FOREIGN KEY([CALISAN_ID])
REFERENCES [dbo].[HIZMETLER] ([CALISAN_ID])
GO
ALTER TABLE [dbo].[CALISANLAR] CHECK CONSTRAINT [FK_CALISANLAR_HIZMETLER]
GO
ALTER TABLE [dbo].[GELIRLER]  WITH CHECK ADD  CONSTRAINT [FK_GELIRLER_RAPORLAR] FOREIGN KEY([GELIR_ID])
REFERENCES [dbo].[RAPORLAR] ([GELIR_ID])
GO
ALTER TABLE [dbo].[GELIRLER] CHECK CONSTRAINT [FK_GELIRLER_RAPORLAR]
GO
ALTER TABLE [dbo].[GIDERLER]  WITH CHECK ADD  CONSTRAINT [FK_GIDERLER_RAPORLAR] FOREIGN KEY([GIDER_ID])
REFERENCES [dbo].[RAPORLAR] ([GIDER_ID])
GO
ALTER TABLE [dbo].[GIDERLER] CHECK CONSTRAINT [FK_GIDERLER_RAPORLAR]
GO
ALTER TABLE [dbo].[MUSTERILER]  WITH CHECK ADD  CONSTRAINT [FK_MUSTERILER_REZERVASYONLAR] FOREIGN KEY([MUSTERI_ID])
REFERENCES [dbo].[REZERVASYONLAR] ([MUSTERI_ID])
GO
ALTER TABLE [dbo].[MUSTERILER] CHECK CONSTRAINT [FK_MUSTERILER_REZERVASYONLAR]
GO
ALTER TABLE [dbo].[MUSTERILER]  WITH CHECK ADD  CONSTRAINT [FK_MUSTERILER_SIKAYETLER] FOREIGN KEY([MUSTERI_ID])
REFERENCES [dbo].[SIKAYETLER] ([MUSTERI_ID])
GO
ALTER TABLE [dbo].[MUSTERILER] CHECK CONSTRAINT [FK_MUSTERILER_SIKAYETLER]
GO
ALTER TABLE [dbo].[ODALAR]  WITH CHECK ADD  CONSTRAINT [FK_ODALAR_REZERVASYONLAR] FOREIGN KEY([ODA_ID])
REFERENCES [dbo].[REZERVASYONLAR] ([ODA_ID])
GO
ALTER TABLE [dbo].[ODALAR] CHECK CONSTRAINT [FK_ODALAR_REZERVASYONLAR]
GO
ALTER TABLE [dbo].[OTEL_BILGI]  WITH CHECK ADD  CONSTRAINT [FK_OTEL_BILGI_CALISANLAR] FOREIGN KEY([OTEL_ID])
REFERENCES [dbo].[CALISANLAR] ([OTEL_ID])
GO
ALTER TABLE [dbo].[OTEL_BILGI] CHECK CONSTRAINT [FK_OTEL_BILGI_CALISANLAR]
GO
ALTER TABLE [dbo].[OTEL_BILGI]  WITH CHECK ADD  CONSTRAINT [FK_OTEL_BILGI_ETKINLIKLER] FOREIGN KEY([OTEL_ID])
REFERENCES [dbo].[ETKINLIKLER] ([OTEL_ID])
GO
ALTER TABLE [dbo].[OTEL_BILGI] CHECK CONSTRAINT [FK_OTEL_BILGI_ETKINLIKLER]
GO
ALTER TABLE [dbo].[OTEL_BILGI]  WITH CHECK ADD  CONSTRAINT [FK_OTEL_BILGI_GELIRLER] FOREIGN KEY([OTEL_ID])
REFERENCES [dbo].[GELIRLER] ([OTEL_ID])
GO
ALTER TABLE [dbo].[OTEL_BILGI] CHECK CONSTRAINT [FK_OTEL_BILGI_GELIRLER]
GO
ALTER TABLE [dbo].[OTEL_BILGI]  WITH CHECK ADD  CONSTRAINT [FK_OTEL_BILGI_GIDERLER] FOREIGN KEY([OTEL_ID])
REFERENCES [dbo].[GIDERLER] ([OTEL_ID])
GO
ALTER TABLE [dbo].[OTEL_BILGI] CHECK CONSTRAINT [FK_OTEL_BILGI_GIDERLER]
GO
ALTER TABLE [dbo].[OTEL_BILGI]  WITH CHECK ADD  CONSTRAINT [FK_OTEL_BILGI_HIZMETLER] FOREIGN KEY([OTEL_ID])
REFERENCES [dbo].[HIZMETLER] ([OTEL_ID])
GO
ALTER TABLE [dbo].[OTEL_BILGI] CHECK CONSTRAINT [FK_OTEL_BILGI_HIZMETLER]
GO
ALTER TABLE [dbo].[OTEL_BILGI]  WITH CHECK ADD  CONSTRAINT [FK_OTEL_BILGI_ODALAR_FK] FOREIGN KEY([OTEL_ID])
REFERENCES [dbo].[ODALAR] ([OTEL_ID])
GO
ALTER TABLE [dbo].[OTEL_BILGI] CHECK CONSTRAINT [FK_OTEL_BILGI_ODALAR_FK]
GO
ALTER TABLE [dbo].[OTEL_BILGI]  WITH CHECK ADD  CONSTRAINT [FK_OTEL_BILGI_OTEL_BILGI] FOREIGN KEY([OTEL_ID])
REFERENCES [dbo].[OTEL_BILGI] ([OTEL_ID])
GO
ALTER TABLE [dbo].[OTEL_BILGI] CHECK CONSTRAINT [FK_OTEL_BILGI_OTEL_BILGI]
GO
ALTER TABLE [dbo].[REZERVASYONLAR]  WITH CHECK ADD  CONSTRAINT [FK_REZERVASYONLAR_MUSTERI] FOREIGN KEY([MUSTERI_ID])
REFERENCES [dbo].[MUSTERILER] ([MUSTERI_ID])
GO
ALTER TABLE [dbo].[REZERVASYONLAR] CHECK CONSTRAINT [FK_REZERVASYONLAR_MUSTERI]
GO
ALTER TABLE [dbo].[CALISANLAR]  WITH CHECK ADD  CONSTRAINT [CK_CALISANLAR_MAASI_CHECK] CHECK  (([MAASI]>(0)))
GO
ALTER TABLE [dbo].[CALISANLAR] CHECK CONSTRAINT [CK_CALISANLAR_MAASI_CHECK]
GO
ALTER TABLE [dbo].[ETKINLIKLER]  WITH CHECK ADD  CONSTRAINT [CK_ETKINLIKLER_BUTCE_CHECK] CHECK  (([BUTCE]>(0)))
GO
ALTER TABLE [dbo].[ETKINLIKLER] CHECK CONSTRAINT [CK_ETKINLIKLER_BUTCE_CHECK]
GO
ALTER TABLE [dbo].[GELIRLER]  WITH CHECK ADD  CONSTRAINT [CK_GELIRLER_TUTAR_CHECK] CHECK  (([GELIR_TUTARI]>=(0)))
GO
ALTER TABLE [dbo].[GELIRLER] CHECK CONSTRAINT [CK_GELIRLER_TUTAR_CHECK]
GO
ALTER TABLE [dbo].[GIDERLER]  WITH CHECK ADD  CONSTRAINT [CK_GIDERLER_TUTAR_CHECK] CHECK  (([GIDER_TUTARI]>=(0)))
GO
ALTER TABLE [dbo].[GIDERLER] CHECK CONSTRAINT [CK_GIDERLER_TUTAR_CHECK]
GO
ALTER TABLE [dbo].[HIZMETLER]  WITH CHECK ADD  CONSTRAINT [CK_HIZMETLER_KAPASITE_MAX_CHECK] CHECK  (([MAX_KAPASITE]>(0)))
GO
ALTER TABLE [dbo].[HIZMETLER] CHECK CONSTRAINT [CK_HIZMETLER_KAPASITE_MAX_CHECK]
GO
ALTER TABLE [dbo].[HIZMETLER]  WITH CHECK ADD  CONSTRAINT [CK_HIZMETLER_UCRET_CHECK] CHECK  (([UCRET]>(0)))
GO
ALTER TABLE [dbo].[HIZMETLER] CHECK CONSTRAINT [CK_HIZMETLER_UCRET_CHECK]
GO
ALTER TABLE [dbo].[MUSTERILER]  WITH CHECK ADD  CONSTRAINT [CK_MUSTERILER_TOPLAM_HARCAMA_CHECK] CHECK  (([TOPLAM_HARCAMALAR]>(0)))
GO
ALTER TABLE [dbo].[MUSTERILER] CHECK CONSTRAINT [CK_MUSTERILER_TOPLAM_HARCAMA_CHECK]
GO
ALTER TABLE [dbo].[ODALAR]  WITH CHECK ADD  CONSTRAINT [CK_ODALAR] CHECK  (([ODA_FIYAT_BILGISI]>(0)))
GO
ALTER TABLE [dbo].[ODALAR] CHECK CONSTRAINT [CK_ODALAR]
GO
ALTER TABLE [dbo].[ODALAR]  WITH CHECK ADD  CONSTRAINT [CK_ODALAR_KAT_NO_CHECK] CHECK  (([KAT_NO]>=(0)))
GO
ALTER TABLE [dbo].[ODALAR] CHECK CONSTRAINT [CK_ODALAR_KAT_NO_CHECK]
GO
ALTER TABLE [dbo].[ODALAR]  WITH CHECK ADD  CONSTRAINT [CK_ODALAR_KISI_SAYI_CHECK] CHECK  (([KAC_KISILIK]>(0)))
GO
ALTER TABLE [dbo].[ODALAR] CHECK CONSTRAINT [CK_ODALAR_KISI_SAYI_CHECK]
GO
ALTER TABLE [dbo].[OTEL_BILGI]  WITH CHECK ADD  CONSTRAINT [CK_OTEL_BILGI] CHECK  (([YILDIZ_SAYISI]>=(1) AND [YILDIZ_SAYISI]<=(5)))
GO
ALTER TABLE [dbo].[OTEL_BILGI] CHECK CONSTRAINT [CK_OTEL_BILGI]
GO
ALTER TABLE [dbo].[RAPORLAR]  WITH CHECK ADD  CONSTRAINT [CK_RAPORLAR_TP_GELIR_CHECK] CHECK  (([TOPLAM_GELIR]>=(0)))
GO
ALTER TABLE [dbo].[RAPORLAR] CHECK CONSTRAINT [CK_RAPORLAR_TP_GELIR_CHECK]
GO
ALTER TABLE [dbo].[RAPORLAR]  WITH CHECK ADD  CONSTRAINT [CK_RAPORLAR_TP_GIDER_CHECK] CHECK  (([TOPLAM_GIDER]>=(0)))
GO
ALTER TABLE [dbo].[RAPORLAR] CHECK CONSTRAINT [CK_RAPORLAR_TP_GIDER_CHECK]
GO
ALTER TABLE [dbo].[REZERVASYONLAR]  WITH CHECK ADD  CONSTRAINT [CK_REZERVASYON_DURUMU] CHECK  (([REZERVASYON_DURUMU]='İptal' OR [REZERVASYON_DURUMU]='Onaylandı' OR [REZERVASYON_DURUMU]='Beklemede'))
GO
ALTER TABLE [dbo].[REZERVASYONLAR] CHECK CONSTRAINT [CK_REZERVASYON_DURUMU]
GO
ALTER TABLE [dbo].[REZERVASYONLAR]  WITH CHECK ADD  CONSTRAINT [CK_REZERVASYONLAR_KISI_SAYISI_CHECK] CHECK  (([KISI_SAYISI]>(0)))
GO
ALTER TABLE [dbo].[REZERVASYONLAR] CHECK CONSTRAINT [CK_REZERVASYONLAR_KISI_SAYISI_CHECK]
GO
ALTER TABLE [dbo].[REZERVASYONLAR]  WITH CHECK ADD  CONSTRAINT [CK_REZERVASYONLAR_UCRET_CHECK] CHECK  (([TOPLAM_FIYAT]>(0)))
GO
ALTER TABLE [dbo].[REZERVASYONLAR] CHECK CONSTRAINT [CK_REZERVASYONLAR_UCRET_CHECK]
GO
USE [master]
GO
ALTER DATABASE [HotelManagementDB] SET  READ_WRITE 
GO
